model_name,model_id,seeding_density,day4_day1_ratio,replicates,st_dev,doubling_time_hours
BICR22,SIDM00485,325,3.36,1,,41.22
IMR-5,SIDM01206,1250,1.5,1,,123.05
IST-SL2,SIDM00230,5000,0.93,4,0.18,
J82,SIDM00693,1000,0.94,3,0.19,
JEG-3,SIDM01218,625,0.88,3,0.06,
KARPAS-231,SIDM01017,5000,0.86,14,0.32,
LAN-6,SIDM00330,1250,0.95,3,0.03,
MM1S,SIDM01265,2000,1.85,1,,81.33
NCI-H1963,SIDM00760,5000,0.97,18,0.13,
NCI-H2227,SIDM00730,1500,0.91,4,0.21,
NCI-H2444,SIDM00723,2000,0.92,3,0.02,
NCI-H2595,SIDM00100,800,0.99,14,0.31,
NCI-H510A,SIDM00927,2500,0.83,4,0.21,
no-10,SIDM00574,200,4.03,1,,35.81
OCI-AML5,SIDM00461,5000,0.74,2,0.01,
Raji,SIDM00844,500,3.93,1,,36.46
SK-MEL-2,SIDM00082,500,0.98,12,0.27,
SNU-283,SIDM00215,1000,0.74,3,0.02,
SW962,SIDM01178,625,0.75,3,0.29,
TC-YIK,SIDM00234,625,3.01,1,,45.35
CAS-1,SIDM00212,625,1.27,1,,206.77
COLO-829,SIDM00909,300,1.02,1,,2888.14
ETK-1,SIDM00276,300,1.79,1,,85.32
HCC1187,SIDM00885,5000,1.13,1,,412.44
HCC1419,SIDM00882,500,1.14,1,,371.4
HL-60,SIDM00829,2000,2.47,1,,55.12
COR-L88,SIDM00506,2500,0.75,1,,
8-MG-BA,SIDM00998,75,6.72,1,,26.19
22RV1,SIDM00499,625,2.2,18,0.53,63.42
23132-87,SIDM00980,625,1.78,12,0.75,86.14
42-MG-BA,SIDM00982,150,3.61,11,1.84,38.91
451Lu,SIDM01240,300,2.55,4,0.57,53.26
5637,SIDM00807,625,2.56,14,0.78,53.19
639-V,SIDM00999,325,3.12,12,0.77,43.82
647-V,SIDM00983,325,2.21,12,0.53,62.98
697,SIDM01076,625,4.8,14,1.36,31.81
769-P,SIDM00803,325,4.01,16,1.14,35.96
786-0,SIDM00125,150,3.2,12,0.54,42.94
8-MG-BA,SIDM00998,100,5.2,11,1.44,30.26
8305C,SIDM00997,325,1.81,17,0.41,84.28
8505C,SIDM00996,325,2.13,12,0.43,66.14
A101D,SIDM00801,150,3.3,12,0.54,41.79
A172,SIDM00799,150,3.45,12,1.5,40.26
A204,SIDM00798,1000,2.37,15,0.64,57.96
A2058,SIDM00797,150,3.89,12,1.92,36.74
A253,SIDM00796,300,2.7,10,0.32,50.24
A2780,SIDM00210,250,4.67,19,1.21,32.37
A3-KAW,SIDM00495,325,8.53,15,2.19,23.28
A375,SIDM00795,150,4.42,253,1.31,33.58
A388,SIDM00794,200,3.08,3,0.03,44.42
A4-Fuk,SIDM00502,1500,2.02,17,0.6,71.19
A427,SIDM00810,150,2.89,3,0.11,46.97
A431,SIDM00995,150,3.27,6,0.27,42.18
A498,SIDM00124,250,2.59,13,0.46,52.43
A498,SIDM00124,625,1.52,2,0.39,119.73
A549,SIDM00903,75,8.84,12,2.52,22.9
A549,SIDM00903,100,9.72,49,3.18,21.94
A673,SIDM00848,625,3.51,16,0.89,39.77
A704,SIDM00849,300,1.37,14,0.25,160.18
ABC-1,SIDM00494,625,1.36,3,0.02,164.19
ACHN,SIDM00123,200,4.9,16,1.34,31.42
AGS,SIDM00850,150,3.53,14,0.61,39.58
ALL-PO,SIDM00211,2500,1.39,14,0.45,151.97
ALL-SIL,SIDM00994,1250,1.42,19,0.3,141.4
AM-38,SIDM00492,325,3.09,14,1.35,44.27
AMO-1,SIDM00993,400,5.3,15,1.01,29.94
AN3-CA,SIDM00901,625,2.08,15,0.34,68.36
ARH-77,SIDM00900,400,4.14,12,0.57,35.15
ARH-77,SIDM00900,500,2.61,3,0.06,52.0
ASH-3,SIDM00491,300,3.04,15,0.52,44.95
AsPC-1,SIDM00899,1000,1.53,31,0.35,117.1
ATN-1,SIDM00233,900,3.6,12,1.35,38.99
ATN-1,SIDM00233,1250,2.24,2,0.51,61.79
AU565,SIDM00898,500,1.72,146,0.36,92.3
B-CPAP,SIDM00992,325,3.06,11,1.14,44.6
BALL-1,SIDM00287,1250,4.21,14,1.99,34.71
BB30-HNC,SIDM00172,200,5.14,3,2.07,30.49
BB49-HNC,SIDM00174,250,2.84,5,0.98,47.77
BB65-RCC,SIDM00191,300,1.55,3,0.13,113.58
BC-1,SIDM00896,625,4.15,21,0.5,35.07
BC-3,SIDM00895,2500,1.1,3,0.04,530.3
BE-13,SIDM01245,625,2.52,16,0.55,53.92
BE2-M17,SIDM01229,325,3.13,14,1.63,43.71
Becker,SIDM00490,325,2.68,14,0.43,50.58
BEN,SIDM00990,200,2.97,7,0.29,45.85
BFTC-905,SIDM00989,200,3.85,16,1.23,37.05
BFTC-909,SIDM00988,150,3.12,12,0.62,43.85
BHT-101,SIDM00987,150,3.6,12,1.13,38.94
BHY,SIDM00986,625,1.88,3,0.1,79.05
BICR10,SIDM00077,300,2.47,6,0.28,55.26
BICR22,SIDM00485,500,2.14,15,0.53,65.56
BICR31,SIDM00078,625,3.46,3,0.09,40.16
BICR78,SIDM00501,625,2.12,15,0.29,66.25
BICR78,SIDM00501,1250,1.22,2,0.01,253.89
BL-41,SIDM00985,625,3.16,16,1.38,43.43
BONNA-12,SIDM00984,625,1.48,3,0.33,127.35
BPH-1,SIDM00964,325,2.16,10,0.91,64.67
BT-20,SIDM00893,1250,1.26,54,0.41,216.28
BT-474,SIDM00963,1250,1.35,125,0.32,165.4
BT-483,SIDM00892,1250,1.33,35,0.25,172.83
BT-549,SIDM00122,300,1.29,2,0.55,195.26
BT-549,SIDM00122,625,1.67,47,0.37,97.29
BV-173,SIDM00962,625,3.89,13,1.06,36.71
BxPC-3,SIDM00132,625,2.3,37,0.64,59.94
C-33-A,SIDM00889,325,4.88,16,0.74,31.49
C-4-I,SIDM00905,625,2.4,12,0.49,57.02
C2BBe1,SIDM01233,400,2.11,25,0.69,66.81
C32,SIDM00890,625,1.32,6,0.06,177.86
C32,SIDM00890,900,1.54,240,0.39,115.91
C3A,SIDM01237,325,3.6,15,1.53,38.96
Ca-Ski,SIDM00923,500,2.55,16,0.66,53.36
CA46,SIDM00907,1500,2.77,14,0.46,48.94
Ca9-22,SIDM00489,625,2.76,14,0.94,49.15
CADO-ES1,SIDM00961,1250,3.29,14,1.36,41.9
CAKI-1,SIDM00941,300,2.98,3,0.27,45.71
CAL-120,SIDM00940,150,3.1,62,0.81,44.15
CAL-12T,SIDM00939,150,4.24,3,0.08,34.53
CAL-148,SIDM00938,600,1.73,43,0.51,90.99
CAL-27,SIDM00937,625,2.86,15,1.11,47.53
CAL-29,SIDM00936,300,3.12,16,1.05,43.86
CAL-33,SIDM00942,625,2.34,15,0.66,58.77
CAL-39,SIDM00935,150,3.49,15,0.81,39.91
CAL-51,SIDM00933,300,5.06,43,2.13,30.79
CAL-54,SIDM00932,250,2.54,17,0.7,53.55
CAL-62,SIDM00931,200,4.65,17,0.69,32.49
CAL-72,SIDM00930,150,2.45,13,0.73,55.57
CAL-78,SIDM00929,325,1.5,15,0.35,122.31
CAL-85-1,SIDM00928,400,2.32,98,0.68,59.29
Calu-3,SIDM00922,625,1.6,16,0.56,105.83
Calu-6,SIDM00921,300,2.43,41,0.71,56.19
CAMA-1,SIDM00920,625,1.61,70,0.35,104.77
Caov-3,SIDM00919,300,2.13,11,0.18,66.17
Caov-4,SIDM00918,625,1.65,21,0.32,99.24
CAPAN-1,SIDM00934,625,2.13,40,0.85,66.2
CAPAN-2,SIDM00943,1250,1.49,29,0.59,125.26
CaR-1,SIDM00488,625,1.62,30,0.58,103.52
CAS-1,SIDM00212,400,1.9,13,0.32,77.67
CCK-81,SIDM00487,300,3.12,27,1.14,43.88
CCRF-CEM,SIDM00121,1250,3.05,16,1.03,44.74
CESS,SIDM00917,500,2.13,12,0.73,66.05
CESS,SIDM00917,625,2.16,3,0.97,64.96
CFPAC-1,SIDM00130,350,2.68,30,1.32,50.61
CGTH-W-1,SIDM01248,1250,1.85,15,0.5,81.14
ChaGo-K-1,SIDM00924,625,1.68,3,0.07,95.81
CHL-1,SIDM01228,625,2.69,16,1.0,50.41
CHP-126,SIDM00286,2500,1.1,4,0.04,503.26
CHP-134,SIDM00285,1250,1.47,5,0.15,129.75
CHP-212,SIDM00910,625,2.1,11,0.42,67.14
CHSA0011,SIDM00051,325,1.91,3,0.44,77.14
CHSA8926,SIDM00176,400,1.31,12,0.23,185.89
CHSA8926,SIDM00176,625,1.4,2,0.05,147.17
CL-11,SIDM00944,625,2.0,35,0.42,72.11
CML-T1,SIDM00958,800,2.79,14,0.61,48.7
COLO-205,SIDM00826,700,2.99,25,0.67,45.53
COLO-320-HSR,SIDM00842,625,3.73,27,1.57,37.87
COLO-668,SIDM00143,500,2.16,14,0.34,64.96
COLO-678,SIDM00957,800,1.53,23,0.55,116.92
COLO-678,SIDM00957,1250,1.4,4,0.22,147.32
COLO-679,SIDM00284,325,2.27,17,0.74,61.01
COLO-680N,SIDM00956,625,2.0,16,0.56,71.78
COLO-684,SIDM00142,625,1.8,2,0.1,84.94
COLO-684,SIDM00142,900,2.53,14,0.5,53.7
COLO-783,SIDM00955,200,1.81,3,0.5,84.17
COLO-792,SIDM00140,300,1.97,14,0.41,73.53
COLO-824,SIDM00954,800,1.79,39,0.54,85.57
COLO-824,SIDM00954,1250,1.43,2,0.38,139.22
COLO-829,SIDM00909,400,1.4,15,0.35,149.35
COR-L105,SIDM00513,625,1.88,21,0.44,78.77
COR-L23,SIDM00512,300,2.28,14,0.55,60.44
COR-L279,SIDM00511,625,2.26,12,0.43,61.18
COR-L303,SIDM00510,625,1.93,3,0.51,75.68
COR-L311,SIDM00509,1250,1.85,20,0.5,81.11
COR-L32,SIDM00508,1500,1.24,5,0.14,230.3
COR-L321,SIDM00507,1250,1.85,3,0.04,81.42
COR-L88,SIDM00506,1250,1.3,20,0.21,190.96
COR-L95,SIDM00521,1250,1.49,15,0.48,124.52
CP50-MEL-B,SIDM00175,150,3.08,3,0.91,44.35
CP66-MEL,SIDM00190,625,1.58,3,0.07,109.53
CPC-N,SIDM00953,1250,3.35,16,0.78,41.27
CRO-AP2,SIDM00952,625,2.9,4,0.2,46.81
CS1,SIDM00199,300,2.97,14,1.0,45.79
CTB-1,SIDM00283,625,4.42,13,0.95,33.6
CTV-1,SIDM00951,1000,2.39,14,0.64,57.27
CW-2,SIDM00282,625,2.07,28,0.52,68.51
D-245MG,SIDM01021,625,1.97,3,0.11,73.81
D-247MG,SIDM00622,325,1.85,4,0.77,81.03
D-263MG,SIDM00732,325,2.83,16,0.94,47.99
D-283MED,SIDM00888,300,4.11,17,1.21,35.29
D-336MG,SIDM00620,150,3.11,3,0.1,43.95
D-392MG,SIDM00542,325,1.88,17,0.62,78.99
D-423MG,SIDM00209,150,2.61,3,0.3,51.98
D-502MG,SIDM00208,250,1.44,3,0.05,136.99
D-542MG,SIDM00207,300,1.91,3,0.24,77.36
D-566MG,SIDM00206,200,3.09,3,0.1,44.25
DAN-G,SIDM00950,300,2.99,41,0.77,45.52
Daoy,SIDM00887,150,3.14,17,0.88,43.61
Daudi,SIDM00845,1250,2.29,14,0.78,60.13
DB,SIDM00886,625,3.53,18,0.91,39.61
DBTRG-05MG,SIDM00867,625,1.46,14,0.25,130.75
DEL,SIDM00949,200,5.8,12,1.22,28.38
Detroit562,SIDM00831,150,4.24,11,1.59,34.55
DG-75,SIDM00948,400,5.34,15,2.02,29.81
DiFi,SIDM00049,300,2.35,25,0.81,58.46
DJM-1,SIDM00281,200,3.93,3,1.24,36.44
DK-MG,SIDM00947,625,1.36,14,0.49,164.08
DMS-114,SIDM00865,625,1.42,21,0.16,142.91
DMS-273,SIDM00522,150,3.64,42,1.23,38.64
DMS-53,SIDM00523,1250,1.04,19,0.34,1250.69
DMS-79,SIDM00524,1500,1.74,5,0.51,90.51
DND-41,SIDM00946,2500,1.71,16,0.36,92.75
DOHH-2,SIDM00981,1250,2.13,5,0.45,66.05
DOK,SIDM00540,300,1.94,14,0.47,75.18
DoTc2-4510,SIDM00864,500,1.46,17,0.54,130.98
CHSA0108,SIDM00050,400,0.99,3,0.02,
DOV13,SIDM00969,200,3.39,21,0.74,40.87
DSH1,SIDM00970,150,2.11,16,0.44,66.76
DU-145,SIDM00120,500,1.67,16,0.18,97.13
DU-4475,SIDM01001,1000,1.98,44,0.62,73.32
EB-3,SIDM00793,625,3.28,18,1.04,42.06
EB2,SIDM00863,300,3.13,18,0.91,43.79
EBC-1,SIDM00486,300,2.37,19,0.83,57.74
EC-GI-10,SIDM00278,150,3.33,15,0.94,41.48
ECC10,SIDM00280,1250,1.53,16,0.22,116.69
ECC12,SIDM00279,2500,1.05,4,0.19,1089.78
EFM-19,SIDM01056,1500,1.15,49,0.22,348.89
EFM-192A,SIDM01002,625,1.3,44,0.38,191.46
EFO-21,SIDM01052,500,1.62,25,0.37,103.18
EFO-21,SIDM01052,625,1.32,2,0.0,178.72
EFO-27,SIDM01051,400,2.49,5,0.41,54.61
EJM,SIDM01048,1250,1.85,16,0.37,81.48
EKVX,SIDM00119,500,1.44,8,0.24,135.67
EM-2,SIDM01047,1500,2.17,12,0.59,64.47
EMC-BAC-1,SIDM00048,500,1.8,3,0.03,84.58
EMC-BAC-2,SIDM00047,300,2.75,19,1.11,49.25
EN,SIDM01045,625,1.42,15,0.21,143.53
EoL-1-cell,SIDM00277,1250,3.22,16,1.07,42.68
EPLC-272H,SIDM01044,400,2.88,19,1.38,47.11
ES-2,SIDM00861,300,3.27,17,0.92,42.12
ES1,SIDM00266,325,5.26,13,0.78,30.05
ES4,SIDM00264,625,2.03,12,0.64,70.7
ES5,SIDM00263,1250,2.03,5,0.77,70.61
ES6,SIDM00262,300,2.16,18,0.72,64.98
ES7,SIDM00269,625,3.26,16,0.53,42.19
ES8,SIDM00261,325,5.37,10,1.76,29.68
ESO26,SIDM00539,1250,1.32,11,0.24,180.73
ESO51,SIDM00538,625,1.71,14,0.38,93.51
ESS-1,SIDM01043,200,3.14,14,0.68,43.57
ETK-1,SIDM00276,150,3.94,12,1.01,36.39
ETK-1,SIDM00276,350,2.93,2,0.82,46.38
EVSA-T,SIDM01042,150,2.66,42,0.97,50.99
EW-1,SIDM00205,625,3.39,14,0.82,40.89
EW-11,SIDM00203,625,1.74,16,0.38,90.14
EW-12,SIDM00200,625,1.68,3,0.05,96.37
EW-13,SIDM00621,5000,1.38,12,0.48,156.22
EW-16,SIDM00198,800,2.61,14,0.71,51.94
EW-18,SIDM00197,1250,1.53,12,0.21,117.79
EW-22,SIDM00196,500,2.33,14,0.25,58.89
EW-24,SIDM00195,1250,1.38,13,0.26,156.45
EW-3,SIDM00202,1250,1.61,16,0.35,105.05
EW-7,SIDM00201,1000,2.54,18,0.77,53.58
FADU,SIDM00860,150,3.55,12,1.41,39.38
Farage,SIDM00859,1500,2.64,5,0.85,51.42
FLO-1,SIDM01041,325,3.06,16,0.37,44.61
FTC-133,SIDM00213,200,2.82,13,0.54,48.08
FU-OV-1,SIDM01040,325,1.46,16,0.33,131.56
FU97,SIDM00503,150,1.67,22,0.87,97.28
G-292-Clone-A141B1,SIDM00858,750,1.63,16,0.58,102.19
G-361,SIDM00857,625,1.43,14,0.31,140.11
G-401,SIDM00856,300,4.1,15,1.02,35.35
G-402,SIDM00855,325,3.1,14,0.51,44.11
G-MEL,SIDM00129,100,4.93,3,1.4,31.28
GA-10,SIDM00854,1000,3.48,14,1.14,40.05
GAK,SIDM00543,250,2.45,14,0.71,55.7
GAMG,SIDM01055,150,2.64,16,0.68,51.34
GB-1,SIDM00581,625,2.25,12,0.54,61.63
GCIY,SIDM00274,150,2.48,19,0.73,55.03
GCT,SIDM00853,625,2.14,15,0.53,65.62
GDM-1,SIDM01057,2500,1.19,12,0.31,292.26
GI-1,SIDM00273,300,1.74,13,0.52,89.76
GI-ME-N,SIDM00227,325,2.04,14,0.52,70.15
GOTO,SIDM00544,1250,2.12,12,0.6,66.28
GP5d,SIDM00537,300,3.06,20,0.76,44.64
GR-ST,SIDM01259,400,5.96,16,1.01,27.97
GR-ST,SIDM01259,800,2.35,2,0.21,58.46
GRANTA-519,SIDM01058,2000,1.44,14,0.31,136.8
H-EMC-SS,SIDM00535,1750,1.72,15,0.25,92.17
H3255,SIDM00046,300,1.68,5,0.57,96.0
H4,SIDM00852,100,4.26,13,0.61,34.41
H9,SIDM01251,625,2.79,14,0.43,48.69
HA7-RCC,SIDM00188,300,2.29,6,0.37,60.22
HAL-01,SIDM00289,1000,3.43,13,0.9,40.51
HARA,SIDM00598,200,4.5,19,1.32,33.18
HC-1,SIDM01073,625,2.69,2,0.07,50.52
HC-1,SIDM01073,900,2.24,14,1.1,61.99
HCC-15,SIDM01072,625,1.93,19,0.38,75.9
HCC-33,SIDM01071,625,1.98,5,0.25,72.97
HCC-366,SIDM01070,200,2.05,7,0.35,69.69
HCC-366,SIDM01070,325,2.25,2,0.16,61.39
HCC-44,SIDM01069,150,3.24,18,1.21,42.42
HCC-78,SIDM01068,300,1.53,2,0.11,117.85
HCC-78,SIDM01068,350,2.06,21,0.6,69.02
HCC-827,SIDM01067,325,2.13,20,0.65,66.04
HCC1143,SIDM00866,400,1.47,48,0.36,130.35
HCC1395,SIDM00884,800,1.46,44,0.46,130.99
HCC1419,SIDM00882,400,1.3,43,0.34,191.2
HCC1428,SIDM00881,1250,1.29,46,0.33,195.01
HCC1500,SIDM00879,1500,1.16,15,0.24,336.92
HCC1500,SIDM00879,2000,1.22,27,0.19,253.25
HCC1569,SIDM00878,325,1.54,40,0.25,115.8
HCC1599,SIDM00877,1250,1.88,23,0.57,79.37
HCC1806,SIDM00875,325,3.05,40,0.54,44.75
HCC1937,SIDM00874,400,1.81,136,0.43,84.47
HCC1954,SIDM00872,1000,1.49,44,0.35,124.14
HCC202,SIDM00870,1250,1.03,6,0.06,1687.28
HCC2157,SIDM00774,625,1.48,28,0.47,127.49
HCC2218,SIDM00772,2000,1.02,27,0.26,2616.08
HCC2998,SIDM00118,400,3.29,27,0.64,41.92
HCC38,SIDM00675,625,1.25,47,0.13,227.63
HCC70,SIDM00673,1000,1.31,45,0.26,186.39
HCE-4,SIDM00052,450,1.89,3,0.01,78.32
HCT-116,SIDM00783,125,5.88,29,1.93,28.16
HCT-15,SIDM00789,150,7.01,133,2.25,25.62
HDLM-2,SIDM01064,2500,1.42,19,0.22,143.25
HDQ-P1,SIDM01062,300,1.86,40,0.58,80.72
HEC-1,SIDM00596,625,1.79,13,0.71,85.34
HEL,SIDM00594,400,4.07,3,0.64,35.57
HeLa,SIDM00846,325,2.32,14,0.68,59.21
Hep3B2-1-7,SIDM00672,200,2.84,5,1.21,47.79
Hey,SIDM00968,150,5.22,13,2.11,30.2
HGC-27,SIDM00290,150,8.07,12,3.3,23.9
HGC-27,SIDM00290,625,2.75,2,0.06,49.31
HH,SIDM00671,3000,1.16,17,0.38,330.97
HL-60,SIDM00829,2500,1.47,13,0.15,129.77
HLE,SIDM00064,200,2.88,18,1.02,47.18
HMV-II,SIDM00291,200,2.91,15,0.53,46.69
HO-1-N-1,SIDM00592,100,5.29,12,1.06,29.95
HO-1-u-1,SIDM00591,150,4.65,13,1.41,32.46
HOP-62,SIDM00133,300,2.87,17,0.92,47.38
HOP-92,SIDM00134,625,1.75,13,0.51,89.32
HOS,SIDM00806,300,3.37,16,1.19,41.06
HPAC,SIDM00670,325,3.13,39,0.74,43.77
HPAF-II,SIDM00669,325,2.19,15,0.35,63.82
Hs-445,SIDM00668,2000,1.0,17,0.33,10598.4
Hs-578-T,SIDM00135,125,2.57,40,0.73,52.83
Hs-633T,SIDM00667,150,6.19,11,1.62,27.39
Hs-683,SIDM00666,150,3.93,3,0.09,36.44
Hs-746T,SIDM00665,200,1.81,14,0.28,84.44
Hs-766T,SIDM00664,325,2.36,37,0.71,58.0
Hs-939-T,SIDM00663,300,2.64,5,0.7,51.38
Hs-940-T,SIDM00662,325,2.1,3,0.03,67.37
HSC-2,SIDM00590,150,4.44,16,1.56,33.48
HSC-3,SIDM00589,150,4.32,12,1.11,34.08
HSC-39,SIDM00045,325,7.74,14,1.17,24.39
HSC-4,SIDM00588,1250,1.5,14,0.43,124.1
HT,SIDM00661,600,3.82,3,0.08,37.25
HT-1080,SIDM00828,625,1.89,14,0.54,78.31
HT-115,SIDM00534,400,2.61,18,0.65,52.06
HT-1197,SIDM00676,200,2.27,14,0.49,60.97
HT-1376,SIDM00678,1000,1.23,17,0.32,238.24
HT-144,SIDM00695,325,2.05,14,0.4,69.64
HT-29,SIDM00136,200,5.81,298,1.64,28.35
HT-3,SIDM00679,1250,1.24,14,0.46,232.26
HT55,SIDM00541,300,4.04,27,1.27,35.77
HTC-C3,SIDM00496,325,2.46,14,0.69,55.56
HuCCT1,SIDM00587,300,3.04,17,0.92,44.89
huH-1,SIDM00586,300,2.75,14,1.14,49.26
HuH-7,SIDM00585,1250,1.45,14,0.22,134.91
HuO-3N1,SIDM00584,400,1.39,14,0.46,150.27
HuO9,SIDM00599,625,1.69,14,0.43,95.14
HuP-T3,SIDM00533,625,2.12,30,0.6,66.42
HuP-T4,SIDM00531,850,1.52,30,0.43,119.17
HuP-T4,SIDM00531,1000,1.02,2,0.13,2376.73
HuTu-80,SIDM00694,150,7.11,3,0.06,25.44
IA-LM,SIDM00306,1250,1.28,26,0.3,203.98
IGR-1,SIDM01060,150,3.45,14,1.32,40.29
IGR-37,SIDM01066,250,2.93,16,0.58,46.45
IGROV-1,SIDM00151,325,3.01,17,0.53,45.23
IHH-4,SIDM00600,300,7.2,16,2.77,25.28
IM-9,SIDM00632,100,8.51,21,2.75,23.3
IM-95,SIDM00602,1250,2.61,10,1.07,52.1
IMR-5,SIDM01206,625,3.81,14,0.95,37.31
IPC-298,SIDM01059,150,3.48,4,0.7,40.04
IST-MEL1,SIDM00225,250,3.79,14,1.12,37.45
HCC1187,SIDM00885,3000,0.9,41,0.29,
HCC1187,SIDM00885,2500,0.9,1,,
IST-MES1,SIDM00224,625,1.73,16,0.21,90.58
IST-SL1,SIDM00223,2500,2.44,3,0.04,56.05
J82,SIDM00693,325,1.65,8,0.24,100.15
JAR,SIDM01039,150,3.85,4,0.63,37.03
JEKO-1,SIDM01038,750,3.54,3,0.18,39.48
JHH-1,SIDM00618,900,1.34,14,0.36,172.13
JHH-2,SIDM00617,100,2.41,14,0.67,56.68
JHH-2,SIDM00617,150,2.34,2,0.08,58.64
JHH-4,SIDM00616,400,2.29,14,0.41,60.29
JHH-6,SIDM00615,325,3.17,14,0.81,43.29
JHH-7,SIDM00614,325,2.68,16,0.77,50.7
JHOS-2,SIDM00305,500,2.63,3,0.29,51.52
JHOS-3,SIDM00304,300,2.59,3,0.03,52.38
JHOS-4,SIDM00303,300,1.89,3,0.05,78.1
JHU-011,SIDM00128,150,5.2,3,0.15,30.27
JHU-022,SIDM00127,500,2.67,13,0.48,50.87
JHU-029,SIDM00690,150,3.1,4,1.23,44.17
JIMT-1,SIDM01037,325,2.16,44,0.47,64.8
JiyoyeP-2003,SIDM00808,325,7.53,11,1.72,24.72
JJN-3,SIDM01036,1250,1.81,14,0.72,84.44
JM1,SIDM00689,3000,2.63,3,0.05,51.6
JSC-1,SIDM00688,325,4.22,2,0.26,34.64
JSC-1,SIDM00688,625,3.61,12,1.14,38.9
Jurkat,SIDM01016,1250,2.7,14,0.83,50.2
JURL-MK1,SIDM01015,625,7.76,13,2.29,24.36
JVM-2,SIDM01013,450,3.01,16,0.72,45.23
JVM-3,SIDM01012,400,3.54,15,1.59,39.47
K-562,SIDM00791,625,3.22,18,1.24,42.69
K2,SIDM00126,300,1.91,3,0.11,77.4
K5,SIDM00056,100,6.2,16,1.79,27.36
KALS-1,SIDM00613,325,2.25,17,0.71,61.61
KARPAS-1106P,SIDM01011,1500,1.61,20,0.35,105.33
KARPAS-299,SIDM01010,625,3.72,16,1.43,38.01
KARPAS-422,SIDM01008,900,3.93,18,0.76,36.47
KARPAS-45,SIDM01007,2500,1.2,14,0.19,272.69
KARPAS-620,SIDM01006,2500,1.45,17,0.36,134.61
KASUMI-1,SIDM01005,2500,2.01,3,0.21,71.56
KASUMI-1,SIDM01005,5000,1.11,2,0.01,473.03
KATOIII,SIDM00687,400,2.72,2,0.05,49.9
KATOIII,SIDM00687,625,2.03,10,0.41,70.68
KCL-22,SIDM01004,625,4.27,13,1.17,34.39
KE-37,SIDM01003,1250,2.66,12,1.3,51.06
KE-37,SIDM01003,5000,1.1,2,0.07,524.27
KELLY,SIDM01009,450,2.62,16,0.32,51.77
KG-1,SIDM00785,2500,1.57,14,0.17,110.93
KGN,SIDM00302,325,3.3,16,0.76,41.79
KINGS-1,SIDM00612,625,2.25,17,0.76,61.6
KLE,SIDM00686,300,1.96,17,0.43,74.3
KM-H2,SIDM01018,1250,2.34,14,0.41,58.61
KM12,SIDM00150,325,4.46,26,1.43,33.35
KMH-2,SIDM00619,300,1.89,5,0.2,78.2
KMOE-2,SIDM01019,625,1.9,14,0.47,77.55
KMRC-1,SIDM00611,400,1.81,16,0.52,83.81
KMRC-20,SIDM00609,200,2.85,14,0.59,47.69
KMS-11,SIDM00608,300,3.73,7,0.74,37.87
KMS-12-BM,SIDM01020,1500,2.47,12,0.78,55.07
KNS-42,SIDM00607,325,1.64,3,0.27,100.96
KNS-62,SIDM00606,300,2.72,43,0.8,49.85
KNS-81-FD,SIDM01210,300,1.87,3,0.28,79.73
KON,SIDM00604,100,5.7,3,0.05,28.68
KOPN-8,SIDM01034,900,3.07,12,1.11,44.55
KOSC-2,SIDM00603,150,5.24,3,0.46,30.14
KP-1N,SIDM00583,250,4.05,67,1.44,35.67
KP-2,SIDM00582,400,1.85,39,0.59,81.4
KP-3,SIDM00571,625,2.21,34,0.69,62.85
KP-4,SIDM00301,400,3.12,81,1.42,43.85
KP-N-RT-BM-1,SIDM00557,2500,1.14,4,0.38,383.97
KP-N-YN,SIDM00556,1250,1.46,2,0.09,132.92
KP-N-YN,SIDM00556,2500,1.38,12,0.29,155.05
KP-N-YS,SIDM00157,325,2.16,3,0.09,64.62
KS-1,SIDM00555,400,2.74,16,0.79,49.56
KU-19-19,SIDM01033,150,4.43,14,1.28,33.52
KU812,SIDM00308,1250,1.85,14,0.38,81.01
KURAMOCHI,SIDM00554,1000,1.09,19,0.22,588.58
KY821,SIDM00553,500,2.41,14,0.49,56.8
KYAE-1,SIDM00530,1250,1.1,12,0.25,542.0
KYM-1,SIDM00552,400,3.92,16,2.34,36.57
KYSE-140,SIDM01032,325,2.99,16,0.9,45.5
KYSE-150,SIDM01031,100,5.9,12,1.35,28.11
KYSE-180,SIDM01030,300,3.59,15,1.65,39.06
KYSE-220,SIDM00551,150,4.52,16,1.21,33.07
KYSE-270,SIDM01029,400,2.8,16,0.64,48.47
KYSE-410,SIDM01028,300,3.09,15,0.68,44.17
KYSE-450,SIDM01027,500,3.31,17,0.68,41.7
KYSE-50,SIDM00550,500,2.07,12,0.59,68.69
KYSE-50,SIDM00550,625,1.37,2,0.41,160.24
KYSE-510,SIDM01026,200,3.26,4,1.16,42.27
KYSE-520,SIDM01025,500,2.5,16,0.46,54.46
KYSE-70,SIDM01024,1250,2.02,20,0.63,70.81
L-1236,SIDM00313,1250,1.81,13,0.32,84.46
L-363,SIDM00312,1250,2.92,16,0.71,46.55
L-428,SIDM00327,400,3.44,14,1.2,40.44
L-540,SIDM00329,1250,1.81,17,0.25,84.01
LAMA-84,SIDM00346,625,3.16,18,0.68,43.41
LB1047-RCC,SIDM00187,625,2.23,3,0.04,62.15
LB2241-RCC,SIDM00186,300,2.72,3,0.34,49.83
LB2518-MEL,SIDM00185,625,1.88,4,0.45,78.94
LB373-MEL-D,SIDM00184,1250,1.03,3,0.29,1531.2
LB647-SCLC,SIDM00183,1250,1.55,3,0.08,114.29
LB771-HNC,SIDM00182,1250,1.38,15,0.34,154.93
LB831-BLC,SIDM00181,200,2.13,16,0.46,65.88
LB996-RCC,SIDM00180,325,2.52,14,0.85,53.93
LC-1-sq,SIDM00300,500,1.23,17,0.43,237.86
LC-2-ad,SIDM00297,400,2.04,3,0.04,69.93
LC4-1,SIDM00549,3000,1.71,16,0.4,93.18
LCLC-103H,SIDM00345,150,2.25,44,0.4,61.59
LCLC-97TM1,SIDM00344,400,2.93,19,0.62,46.38
LK-2,SIDM00548,1250,1.82,21,0.3,83.23
LN-18,SIDM00685,300,4.58,14,1.52,32.82
LN-229,SIDM00684,625,1.69,17,0.57,94.61
LN-405,SIDM00343,625,1.49,15,0.62,126.02
LNCaP-Clone-FGC,SIDM00683,400,3.41,14,1.91,40.7
LNZTA3WT4,SIDM01220,150,4.95,12,1.32,31.22
LOU-NH91,SIDM00341,300,2.31,20,0.63,59.49
LOUCY,SIDM00342,1500,1.92,17,0.24,76.55
LoVo,SIDM00839,125,3.71,17,0.71,38.09
LoVo,SIDM00839,300,2.94,12,0.31,46.27
LOXIMVI,SIDM00149,150,4.93,16,0.74,31.29
LP-1,SIDM00340,2500,1.56,3,0.02,112.8
LS1034,SIDM00681,400,3.28,27,0.61,42.05
LS-123,SIDM00776,250,2.47,26,0.59,55.12
LS-180,SIDM00680,150,4.08,27,1.0,35.51
LS-411N,SIDM00660,350,13.4,20,13.08,19.23
LS-513,SIDM00677,300,3.69,16,0.53,38.21
LS-513,SIDM00677,625,3.27,14,0.7,42.16
LU-134-A,SIDM00296,500,1.52,3,0.05,118.52
LU-135,SIDM00294,1250,1.7,16,0.59,94.24
LU-139,SIDM00293,1250,2.08,17,0.65,67.93
LU-165,SIDM00292,1500,1.6,16,0.37,106.43
LU-65,SIDM00547,625,3.75,21,0.67,37.75
LU-99A,SIDM01219,1250,2.3,17,0.62,59.91
LXF-289,SIDM00339,150,3.36,20,0.57,41.13
M059J,SIDM00659,200,2.3,16,0.46,60.07
M14,SIDM00003,300,2.9,7,0.59,46.93
MC-IXC,SIDM01246,600,2.99,3,0.09,45.52
MC116,SIDM00637,400,4.76,3,0.51,31.97
MCF7,SIDM00148,150,4.5,45,1.54,33.19
MCF7,SIDM00148,800,1.31,4,0.21,185.73
MDA-MB-157,SIDM00529,1250,1.25,43,0.33,226.7
MDA-MB-175-VII,SIDM00633,325,1.84,13,0.25,82.14
MDA-MB-175-VII,SIDM00633,625,1.63,11,0.12,101.63
MDA-MB-175-VII,SIDM00633,1000,1.35,34,0.34,167.31
MDA-MB-231,SIDM00146,100,3.81,46,1.05,37.29
MDA-MB-330,SIDM00631,1250,1.02,29,0.17,2428.85
MDA-MB-361,SIDM00528,1250,1.45,44,0.28,134.68
MDA-MB-415,SIDM00630,300,2.28,2,0.14,60.69
MDA-MB-415,SIDM00630,400,1.83,50,0.47,82.82
MDA-MB-436,SIDM00629,400,2.18,46,0.46,63.94
MDA-MB-453,SIDM00272,400,2.27,48,0.53,60.91
MDA-MB-468,SIDM00628,400,1.99,45,0.67,72.47
MDST8,SIDM00527,150,3.89,25,1.27,36.76
ME-1,SIDM00338,2500,1.05,16,0.17,951.16
ME-180,SIDM00627,625,1.78,12,0.52,86.16
MEG-01,SIDM00526,625,2.17,20,0.64,64.59
MEL-HO,SIDM00337,300,1.9,3,0.2,78.02
MEL-JUSO,SIDM00336,1000,2.22,14,0.49,62.65
MES-SA,SIDM00625,625,3.96,14,0.96,36.29
Mewo,SIDM00545,625,2.05,17,0.61,69.38
MFE-280,SIDM00335,625,1.94,16,0.46,75.52
MFE-296,SIDM00334,1000,1.54,14,0.44,115.3
MFE-319,SIDM00333,1250,1.61,14,0.37,105.1
MFH-ino,SIDM00299,500,2.71,16,1.12,50.07
MFM-223,SIDM00332,450,1.51,29,0.23,121.12
MFM-223,SIDM00332,625,1.71,117,0.52,92.65
MG-63,SIDM00525,200,2.91,16,0.64,46.8
MHH-CALL-2,SIDM00331,3000,1.45,11,0.3,134.94
MHH-CALL-4,SIDM00376,2500,1.31,4,0.06,184.14
MHH-CALL-4,SIDM00376,5000,1.15,2,0.02,363.33
MHH-ES-1,SIDM00386,500,2.55,6,0.08,53.29
MHH-ES-1,SIDM00386,800,2.52,219,0.67,54.02
MHH-ES-1,SIDM00386,1250,2.04,34,0.61,69.77
MHH-NB-11,SIDM00387,1250,1.67,3,0.07,97.19
MHH-PREB-1,SIDM00388,625,4.55,14,0.54,32.95
MIA-PaCa-2,SIDM00505,300,3.61,30,1.19,38.89
MKN1,SIDM00271,325,2.38,12,0.65,57.61
MKN28,SIDM00260,325,2.93,17,1.01,46.42
MKN45,SIDM00247,250,4.31,16,1.54,34.16
MKN7,SIDM00560,500,1.89,4,0.59,78.26
ML-1,SIDM00442,625,1.54,3,0.13,114.91
ML-2,SIDM00441,625,3.62,17,0.82,38.76
MLMA,SIDM00561,1250,1.71,16,0.38,92.64
MM1S,SIDM01265,3000,1.48,13,0.26,127.63
MMAc-SF,SIDM01242,625,1.13,3,0.16,404.62
MN-60,SIDM00438,1250,2.42,18,0.43,56.51
Mo-T,SIDM00623,1000,2.27,14,0.87,60.87
MOG-G-CCM,SIDM00532,200,2.09,10,0.4,67.65
MOG-G-UVW,SIDM00504,100,6.67,12,1.13,26.3
MOLM-13,SIDM00437,625,5.29,15,1.56,29.96
MOLM-16,SIDM00435,625,2.03,4,0.46,70.3
MOLP-8,SIDM00434,3000,1.96,14,0.45,74.44
MOLT-13,SIDM00433,3000,1.94,14,0.51,75.08
MOLT-16,SIDM00431,1250,3.53,16,0.73,39.53
MOLT-4,SIDM00145,2500,1.86,18,0.38,80.18
MONO-MAC-6,SIDM01023,325,3.22,15,0.85,42.72
MPP-89,SIDM00222,300,2.16,21,0.51,64.79
MRK-nu-1,SIDM00562,625,2.59,37,0.81,52.4
MS-1,SIDM00245,625,2.59,21,0.52,52.41
MS751,SIDM00638,325,2.65,14,0.58,51.14
MSTO-211H,SIDM00640,150,3.23,2,1.35,42.58
MSTO-211H,SIDM00640,900,1.98,19,0.88,72.85
MV-4-11,SIDM00657,500,4.42,14,1.7,33.58
MY-M12,SIDM01217,2500,1.93,3,0.3,75.62
MZ1-PC,SIDM00053,625,2.04,69,0.58,69.96
MZ2-MEL,SIDM00179,150,2.89,3,0.24,47.05
MZ7-mel,SIDM00516,150,2.32,3,0.7,59.16
NALM-6,SIDM00429,625,3.6,18,0.54,38.96
NAMALWA,SIDM00641,500,2.9,2,0.05,46.8
NAMALWA,SIDM00641,625,4.05,14,1.22,35.68
NB(TU)1-10,SIDM00579,400,3.02,8,1.62,45.13
NB1,SIDM00578,2500,1.64,12,0.43,101.08
NB10,SIDM00259,500,2.3,16,0.52,59.98
NB12,SIDM00258,1000,1.31,8,0.35,182.33
NB13,SIDM00257,150,4.35,14,0.88,33.96
NB14,SIDM00256,625,3.63,18,0.49,38.67
NB17,SIDM00255,625,2.56,3,0.2,53.05
NB4,SIDM00428,400,3.72,3,0.47,38.0
NB5,SIDM00254,1000,1.86,7,0.33,80.42
NB6,SIDM00253,625,1.68,3,0.02,96.05
NB69,SIDM00244,300,2.01,15,0.52,71.34
NB7,SIDM00156,625,2.21,17,0.43,63.04
NCC010,SIDM00231,325,2.0,3,0.15,72.2
NCC021,SIDM00232,300,1.61,3,0.02,105.07
NCCIT,SIDM00655,625,2.0,16,0.46,72.06
NCI-H1048,SIDM00654,2500,1.43,22,0.58,139.11
NCI-H1092,SIDM00653,2500,1.44,19,0.52,136.54
NCI-H1105,SIDM00652,5000,1.19,7,0.1,291.71
NCI-H1155,SIDM00651,400,3.14,19,0.49,43.65
NCI-H1299,SIDM00649,200,4.88,21,0.99,31.49
NCI-H1341,SIDM00646,1500,1.67,10,0.78,97.16
NCI-H1355,SIDM00645,625,1.96,22,0.56,74.15
NCI-H1435,SIDM00658,1250,1.35,22,0.32,166.19
NCI-H1436,SIDM00697,1250,1.58,3,0.03,109.48
NCI-H146,SIDM00698,1250,2.0,5,0.2,71.8
NCI-H1563,SIDM00751,500,1.72,18,0.36,91.83
NCI-H1563,SIDM00751,625,1.53,2,0.37,117.11
NCI-H1568,SIDM00750,1000,1.34,20,0.31,169.14
NCI-H1573,SIDM00749,625,1.43,14,0.35,140.71
NCI-H1581,SIDM00748,625,2.98,21,0.69,45.64
NCI-H1623,SIDM00747,900,1.44,19,0.4,137.76
NCI-H1648,SIDM00746,400,1.55,22,0.36,113.08
NCI-H1650,SIDM00745,625,1.84,14,0.49,81.88
NCI-H1651,SIDM00744,325,2.45,21,0.37,55.73
NCI-H1666,SIDM00743,625,1.48,22,0.38,127.65
NCI-H1688,SIDM00792,1250,1.66,14,0.32,98.94
NCI-H1693,SIDM00742,625,1.7,20,0.48,94.26
NCI-H1694,SIDM00741,2500,1.75,17,0.51,89.45
NCI-H1703,SIDM00740,325,3.15,17,0.6,43.54
NCI-H1703,SIDM00740,625,1.89,2,0.05,78.24
NCI-H1734,SIDM00739,625,2.33,3,0.08,58.95
NCI-H1755,SIDM00738,325,2.47,16,0.54,55.17
NCI-H1770,SIDM00737,2500,1.24,3,0.02,227.98
NCI-H1781,SIDM00754,625,1.68,20,0.34,95.86
NCI-H1792,SIDM00771,300,3.35,21,0.55,41.27
NCI-H1793,SIDM00755,325,2.21,16,0.27,62.84
NCI-H1836,SIDM00770,1500,1.44,6,0.19,136.58
NCI-H1838,SIDM00769,625,1.72,17,0.34,92.11
NCI-H1869,SIDM00768,900,1.22,4,0.18,248.67
NCI-H1876,SIDM00766,1500,1.26,20,0.36,218.53
NCI-H1915,SIDM00763,250,2.92,14,0.88,46.63
NCI-H1944,SIDM00762,400,3.06,22,0.75,44.6
NCI-H196,SIDM00761,1250,1.08,19,0.28,647.22
NCI-H1975,SIDM00759,250,3.39,19,1.14,40.84
NCI-H1993,SIDM00758,200,2.52,21,0.64,54.11
NCI-H2009,SIDM00756,325,2.68,16,0.32,50.65
NCI-H2023,SIDM00753,200,4.14,23,1.4,35.14
NCI-H2029,SIDM00735,1250,1.3,7,0.42,189.01
NCI-H2030,SIDM00715,150,2.19,3,0.1,63.76
NCI-H2052,SIDM00713,300,2.09,17,0.63,67.54
NCI-H2066,SIDM00711,325,1.49,15,0.22,125.5
NCI-H2081,SIDM00710,625,2.42,3,0.43,56.38
NCI-H2085,SIDM00709,300,1.89,22,0.51,78.17
NCI-H2087,SIDM00708,500,2.13,22,0.53,65.94
NCI-H209,SIDM00706,2500,1.69,19,0.49,95.15
NCI-H211,SIDM00704,1000,2.21,15,0.85,63.02
NCI-H2122,SIDM00702,150,5.23,19,1.44,30.15
NCI-H2135,SIDM00700,1250,1.16,3,0.05,332.11
NCI-H2141,SIDM00699,3000,1.33,20,0.22,176.54
NCI-H2170,SIDM00716,400,2.39,19,0.35,57.25
NCI-H2171,SIDM00733,1250,1.79,3,0.04,85.78
NCI-H2172,SIDM00926,625,1.44,3,0.17,137.48
NCI-H2196,SIDM00731,1000,1.14,7,0.07,377.93
NCI-H2228,SIDM00729,325,2.19,19,0.5,63.85
NCI-H226,SIDM00139,625,1.5,25,0.28,122.17
NCI-H2291,SIDM00728,300,1.89,5,0.49,78.08
NCI-H23,SIDM00138,1250,1.86,14,0.56,80.29
NCI-H2342,SIDM00727,625,1.34,16,0.42,169.12
NCI-H2347,SIDM00726,900,1.12,13,0.09,431.18
NCI-H2369,SIDM00104,625,1.59,16,0.4,107.36
NCI-H2373,SIDM00103,300,2.74,15,1.66,49.51
NCI-H2405,SIDM00724,1250,1.56,19,0.48,112.96
NCI-H2452,SIDM00722,200,2.49,15,0.76,54.7
NCI-H2461,SIDM00102,400,2.66,21,0.8,50.92
NCI-H250,SIDM00721,1500,1.08,5,0.08,616.98
NCI-H2591,SIDM00101,500,1.86,13,0.53,80.32
NCI-H2591,SIDM00101,625,1.53,7,0.58,118.11
NCI-H2722,SIDM00099,625,1.41,15,0.25,146.76
NCI-H2731,SIDM00098,500,1.94,21,0.24,75.36
NCI-H2795,SIDM00154,325,1.52,21,0.22,120.11
NCI-H28,SIDM00720,325,1.97,21,0.4,73.4
NCI-H2803,SIDM00309,625,2.06,3,0.31,69.23
NCI-H2804,SIDM00310,400,1.93,3,0.08,75.71
NCI-H2810,SIDM00311,500,1.51,5,0.2,120.16
NCI-H2818,SIDM00520,800,1.47,22,0.31,128.91
NCI-H2869,SIDM00519,500,1.97,2,0.12,73.77
NCI-H290,SIDM00518,300,2.5,3,0.1,54.39
NCI-H292,SIDM00493,100,5.72,4,0.68,28.61
NCI-H3118,SIDM00517,450,3.09,14,0.91,44.27
NCI-H3122,SIDM00137,300,3.62,23,0.83,38.84
NCI-H322M,SIDM00117,300,3.1,19,1.41,44.08
NCI-H358,SIDM00718,325,2.69,16,1.34,50.4
NCI-H441,SIDM00925,500,1.72,23,0.7,92.38
NCI-H446,SIDM00965,300,2.8,22,0.54,48.39
NCI-H460,SIDM00144,75,7.25,3,0.14,25.19
NCI-H508,SIDM00777,325,3.05,16,0.54,44.75
NCI-H513,SIDM00114,625,1.98,15,0.4,73.22
NCI-H520,SIDM01130,300,5.08,19,2.53,30.71
NCI-H520,SIDM01130,500,3.03,2,0.21,44.95
NCI-H522,SIDM00116,1000,1.29,21,0.4,193.64
NCI-H524,SIDM01129,1500,2.34,18,0.71,58.61
NCI-H526,SIDM01128,2500,1.04,16,0.28,1168.11
NCI-H596,SIDM01127,250,1.59,19,0.26,107.03
NCI-H64,SIDM01126,1250,1.94,17,0.6,75.4
NCI-H647,SIDM01125,100,4.67,3,0.76,32.38
NCI-H650,SIDM01124,400,2.05,15,0.62,69.41
NCI-H660,SIDM01123,2500,1.15,6,0.09,361.45
NCI-H661,SIDM01122,300,1.84,19,0.45,81.83
NCI-H69,SIDM01121,1500,1.66,21,0.27,98.98
NCI-H716,SIDM00779,900,1.99,28,0.4,72.59
NCI-H720,SIDM01120,1250,1.76,11,0.67,88.63
NCI-H727,SIDM01119,1250,1.36,22,0.29,163.89
NCI-H740,SIDM01118,2500,1.43,3,0.01,139.63
NCI-H747,SIDM00778,625,2.24,23,0.45,61.72
NCI-H748,SIDM01117,1250,1.41,5,0.12,145.07
NCI-H810,SIDM01116,1250,2.32,23,0.57,59.37
NCI-H82,SIDM01131,500,3.79,21,1.46,37.45
NCI-H835,SIDM01133,1250,1.28,14,0.47,205.26
NCI-H838,SIDM01150,150,5.49,3,1.69,29.3
NCI-H841,SIDM01134,625,2.37,15,0.52,57.97
NCI-H847,SIDM01149,625,2.55,12,0.95,53.31
NCI-H929,SIDM01148,1250,1.97,17,0.42,73.65
NCI-N87,SIDM01147,500,2.41,16,0.54,56.68
NEC8,SIDM00243,150,3.04,2,0.63,44.85
NEC8,SIDM00243,625,1.41,12,0.33,146.24
NH-12,SIDM00577,1250,1.68,14,0.45,96.52
NK-92MI,SIDM01201,1250,3.0,3,0.15,45.43
NKM-1,SIDM00576,1250,1.72,15,0.54,92.44
NMC-G1,SIDM00575,625,1.65,11,0.33,99.96
no-10,SIDM00574,625,2.15,2,0.02,65.03
no-11,SIDM00573,400,1.87,5,0.24,79.82
NOMO-1,SIDM00580,1250,2.32,16,0.58,59.45
NOS-1,SIDM00242,1250,1.23,14,0.35,237.88
NTERA-2-cl-D1,SIDM01203,300,2.13,16,0.51,65.92
NU-DUL-1,SIDM00443,625,2.95,4,1.05,46.12
NUGC-3,SIDM00572,300,3.9,17,1.09,36.68
NUGC-4,SIDM00570,625,1.78,14,0.4,86.9
NY,SIDM00569,325,1.56,16,0.45,112.68
OACM5-1,SIDM00444,625,2.64,14,0.67,51.31
OACp4C,SIDM00445,625,1.98,12,0.39,72.8
OAW-28,SIDM00481,1250,1.09,14,0.28,583.84
OAW-42,SIDM00480,325,1.79,9,0.36,86.0
OC-314,SIDM00220,150,4.75,15,1.52,32.03
OCI-AML2,SIDM00446,625,2.91,14,0.96,46.77
OCI-AML3,SIDM00462,1000,2.86,11,0.32,47.51
OCI-AML5,SIDM00461,2500,1.33,12,0.24,174.74
OCI-LY-19,SIDM00460,1250,1.69,3,0.06,95.58
OCI-LY7,SIDM00459,400,3.5,4,0.36,39.88
OCI-M1,SIDM00458,325,4.94,16,1.57,31.24
OCUB-M,SIDM00241,625,1.63,47,0.37,102.07
OCUM-1,SIDM00568,625,1.91,19,0.28,76.83
OE19,SIDM00479,300,2.22,17,0.63,62.64
OE21,SIDM00478,325,3.31,14,0.32,41.65
OE33,SIDM00477,300,2.26,16,0.79,61.11
OMC-1,SIDM00240,200,1.64,3,0.22,100.52
ONS-76,SIDM00567,150,5.59,16,1.22,29.01
OPM-2,SIDM00457,1250,1.74,16,0.34,89.9
OS-RC-2,SIDM00239,500,1.6,14,0.52,106.02
OSC-19,SIDM00566,75,2.96,3,0.19,46.02
OSC-20,SIDM00565,625,2.22,14,0.47,62.67
OV-17R,SIDM00476,300,1.38,3,0.09,153.4
OV-56,SIDM00475,300,2.06,14,0.69,68.91
OV-7,SIDM00474,300,3.06,3,0.09,44.62
OV-90,SIDM01141,625,1.8,20,0.67,85.0
OVCA420,SIDM00967,400,2.44,19,0.38,55.93
OVCA433,SIDM00966,150,3.27,3,0.19,42.15
OVCAR-3,SIDM00105,500,2.26,17,0.46,61.12
OVCAR-4,SIDM00092,625,1.83,17,0.3,82.56
OVCAR-5,SIDM00091,300,3.68,20,1.0,38.31
OVCAR-8,SIDM00090,200,4.09,16,0.84,35.42
OVISE,SIDM00564,325,1.85,33,0.54,80.97
OVK-18,SIDM00238,625,1.99,3,0.06,72.37
OVKATE,SIDM00466,1250,1.16,20,0.17,331.84
OVMIU,SIDM00465,325,2.42,20,0.64,56.47
OVTOKO,SIDM00425,300,2.6,17,0.97,52.31
P12-ICHIKAWA,SIDM00463,800,3.61,11,1.19,38.89
P30-OHK,SIDM00364,2500,2.84,14,0.81,47.89
P31-FUJ,SIDM00363,1250,2.23,15,0.71,62.17
P32-ISH,SIDM00362,800,4.08,2,0.33,35.49
P32-ISH,SIDM00362,1000,3.44,12,0.56,40.37
PA-1,SIDM01140,200,3.06,17,0.6,44.62
PA-TU-8902,SIDM00455,300,2.56,27,0.42,53.04
PA-TU-8988T,SIDM00453,250,4.55,75,1.43,32.95
PANC-02-03,SIDM01139,300,2.64,34,1.42,51.42
PANC-03-27,SIDM01138,900,2.06,35,0.56,69.12
PANC-04-03,SIDM01137,625,1.89,43,0.51,78.19
PANC-08-13,SIDM01136,1250,1.71,25,0.38,93.19
PANC-10-05,SIDM01135,400,2.21,35,0.46,63.05
PC-14,SIDM00237,250,3.16,351,0.95,43.34
PC-3,SIDM00088,325,2.18,14,0.34,64.2
PC-3_[JPC-3],SIDM00361,325,2.28,23,0.65,60.66
PCI-15A,SIDM00270,100,2.45,3,0.28,55.74
PCI-30,SIDM00044,325,2.4,14,0.4,57.12
PCI-4B,SIDM00043,250,2.93,3,0.05,46.43
PCI-6A,SIDM00115,300,3.35,3,0.13,41.24
PE-CA-PJ15,SIDM00473,200,3.24,3,0.16,42.45
PEO1,SIDM00472,1250,1.25,17,0.45,222.31
PF-382,SIDM00451,1250,2.79,14,0.47,48.66
PFSK-1,SIDM01132,300,2.19,9,0.28,63.73
PL-21,SIDM00450,600,2.29,3,0.07,60.08
PL4,SIDM00042,150,2.67,28,0.58,50.74
PSN1,SIDM00469,625,2.79,40,0.72,48.66
PWR-1E,SIDM01114,300,2.84,15,0.72,47.75
QGP-1,SIDM00360,325,2.38,4,0.25,57.43
QIMR-WIL,SIDM00467,200,3.36,3,0.1,41.19
Raji,SIDM00844,400,5.15,14,1.16,30.47
Ramos-2G6-4C10,SIDM01247,1500,2.34,16,0.56,58.78
RC-K8,SIDM00448,625,2.83,12,0.86,47.9
RCC-AB,SIDM00821,300,2.95,3,0.23,46.09
RCC-ER,SIDM00820,125,3.49,3,0.11,39.91
RCC-FG2,SIDM00819,150,2.79,3,0.66,48.63
RCC-JF,SIDM00818,150,5.45,3,0.02,29.44
RCC-JW,SIDM00817,325,2.17,18,0.5,64.59
RCC-MF,SIDM00816,300,1.71,3,0.07,93.32
RCC10RGB,SIDM00235,200,2.28,14,0.75,60.64
RCH-ACV,SIDM00449,1250,3.55,3,0.07,39.37
RCM-1,SIDM00359,400,2.61,28,0.63,51.94
RD,SIDM00847,625,2.63,14,0.58,51.59
REH,SIDM00447,2500,1.82,17,0.24,83.33
RERF-GC-1B,SIDM00358,400,1.37,14,0.15,157.58
RERF-LC-KJ,SIDM00356,325,1.55,17,0.35,114.56
RERF-LC-MS,SIDM00355,150,4.87,3,1.08,31.53
RERF-LC-Sq1,SIDM00354,400,1.99,19,0.62,72.43
RF-48,SIDM01092,625,1.85,13,0.28,81.18
RH-1,SIDM00427,625,2.96,14,0.74,46.05
RH-18,SIDM00454,400,1.35,2,0.05,165.67
RH-41,SIDM00426,625,2.47,14,0.38,55.15
RKN,SIDM00353,625,1.65,14,0.13,99.36
RKO,SIDM01090,200,5.56,23,1.15,29.08
RL,SIDM01089,300,6.49,3,0.08,26.69
RL95-2,SIDM01088,1250,1.78,13,0.48,86.61
RMG-I,SIDM00352,625,1.63,25,0.54,102.75
RO82-W-1,SIDM00218,325,1.43,13,0.23,138.25
ROS-50,SIDM00415,1250,2.11,3,0.08,66.71
RPMI-6666,SIDM00813,1000,1.74,16,0.45,90.54
RPMI-7951,SIDM01087,150,4.14,15,0.63,35.15
RPMI-8226,SIDM00087,800,2.7,13,0.44,50.22
RPMI-8402,SIDM00403,500,3.71,15,0.8,38.09
RPMI-8866,SIDM00482,325,9.72,13,3.3,21.94
RS4-11,SIDM01086,2500,2.73,12,0.37,49.62
RS4-11,SIDM01086,3000,1.38,2,0.01,155.12
RT-112,SIDM00402,625,2.82,16,0.75,48.15
RT4,SIDM01085,325,2.82,15,0.55,48.21
RVH-421,SIDM00401,625,1.08,11,0.1,632.8
RXF393,SIDM00086,300,1.83,5,0.09,82.24
Saos-2,SIDM01084,1000,1.65,15,0.29,99.13
SAS,SIDM00351,200,5.09,16,1.81,30.65
SAT,SIDM00350,500,1.61,14,0.22,105.38
SBC-1,SIDM00365,1250,2.34,4,0.5,58.7
SBC-3,SIDM00367,325,5.07,16,1.14,30.73
SBC-5,SIDM00368,300,2.99,19,0.66,45.63
SCC-15,SIDM01083,400,2.35,14,0.34,58.34
SCC-3,SIDM00384,325,7.93,14,2.94,24.1
SCC-4,SIDM01081,325,2.23,16,0.49,62.17
SCC-9,SIDM01080,800,1.53,17,0.24,117.03
SCC90,SIDM00399,1250,1.01,14,0.17,4912.92
SCH,SIDM00383,400,2.84,3,0.18,47.84
SF126,SIDM00382,100,6.73,3,0.2,26.17
SF268,SIDM00085,300,3.09,14,0.87,44.28
SF295,SIDM00084,150,2.78,3,0.44,48.84
SF539,SIDM00083,150,4.05,16,0.82,35.69
SH-4,SIDM01079,325,2.82,12,0.89,48.17
SHP-77,SIDM01078,625,3.04,23,0.66,44.86
SIG-M5,SIDM00396,625,2.15,3,0.04,65.35
SiHa,SIDM01093,625,2.19,14,0.47,63.79
SIMA,SIDM00395,625,1.81,9,0.59,83.83
SISO,SIDM00394,625,1.86,14,0.43,80.09
SJRH30,SIDM01095,625,2.14,14,0.38,65.62
SJSA-1,SIDM01112,325,3.15,14,0.73,43.44
SK-CO-1,SIDM01096,625,2.06,69,0.49,68.92
SK-ES-1,SIDM01111,625,3.23,14,0.54,42.62
SK-GT-2,SIDM00393,400,1.77,17,0.37,87.29
SK-GT-4,SIDM00483,325,2.83,14,0.75,47.95
SK-HEP-1,SIDM01110,200,3.6,17,1.92,38.95
SK-LMS-1,SIDM01109,150,4.25,16,1.38,34.49
SK-LU-1,SIDM01108,350,1.66,19,0.34,98.21
SK-MEL-1,SIDM01107,500,1.47,17,0.28,130.36
SK-MEL-1,SIDM01107,625,1.06,3,0.08,861.79
SK-MEL-24,SIDM01106,400,1.76,16,0.22,88.01
SK-MEL-28,SIDM00081,100,2.79,3,0.64,48.66
SK-MEL-3,SIDM01105,200,2.96,3,0.09,45.93
SK-MEL-30,SIDM00392,150,3.21,4,1.12,42.78
SK-MEL-31,SIDM01104,150,1.72,3,0.73,92.09
SK-MEL-5,SIDM00080,450,1.99,6,0.87,72.54
SK-MES-1,SIDM01103,500,2.27,20,0.37,60.96
SK-MG-1,SIDM00379,325,2.69,14,0.45,50.48
SK-MM-2,SIDM00391,5000,1.47,17,0.48,130.28
SK-N-AS,SIDM01101,625,2.92,18,1.29,46.57
SK-N-DZ,SIDM01100,150,3.28,16,0.78,42.03
SK-N-FI,SIDM01099,625,1.67,14,0.35,97.22
SK-N-SH,SIDM01098,625,2.17,14,0.55,64.59
SK-OV-3,SIDM00079,400,2.3,20,0.43,60.06
SK-PN-DW,SIDM01097,325,3.34,18,1.34,41.36
SK-UT-1,SIDM01113,300,2.99,16,0.75,45.51
SKG-IIIa,SIDM00381,500,2.3,15,0.96,59.86
SKG-IIIa,SIDM00381,625,3.37,2,0.47,41.09
SKM-1,SIDM00380,1250,2.98,3,0.04,45.68
SKN,SIDM00377,250,2.94,14,0.56,46.22
SKN-3,SIDM00375,325,2.19,14,0.78,63.6
SLVL,SIDM00374,625,2.69,16,0.49,50.4
SN12C,SIDM00094,625,1.49,17,0.29,125.53
SNB75,SIDM00095,250,1.6,3,0.04,105.82
SNG-M,SIDM00373,250,2.76,14,0.98,49.24
SNU-1,SIDM01146,625,4.7,14,2.37,32.25
SNU-16,SIDM01145,325,3.33,16,0.74,41.52
SNU-175,SIDM00216,600,3.54,24,1.05,39.5
SNU-387,SIDM01180,325,1.96,19,0.44,74.0
SNU-398,SIDM01181,300,2.54,14,0.99,53.63
SNU-407,SIDM00214,400,5.29,24,5.81,29.96
SNU-423,SIDM01199,200,2.17,18,0.68,64.51
SNU-449,SIDM01194,400,2.48,20,0.81,54.89
SNU-5,SIDM01144,625,2.02,14,0.51,71.06
SNU-61,SIDM00194,1250,1.66,14,0.41,97.91
SNU-81,SIDM00193,1250,1.63,21,0.5,102.45
SNU-C1,SIDM01197,625,2.36,30,1.15,58.1
SNU-C2B,SIDM00781,300,1.86,6,0.08,80.23
SNU-C2B,SIDM00781,500,2.15,132,0.55,65.13
SNU-C5,SIDM00498,325,3.31,27,0.59,41.68
SR,SIDM00096,625,4.16,18,1.19,35.01
ST486,SIDM01198,1500,2.16,17,0.25,64.74
STS-0421,SIDM00041,325,2.99,3,0.06,45.5
SU-DHL-1,SIDM00390,250,4.5,3,0.22,33.18
SU-DHL-10,SIDM00389,450,5.58,14,2.35,29.01
SU-DHL-16,SIDM00404,400,5.45,4,1.91,29.44
SU-DHL-4,SIDM00405,500,5.04,3,0.13,30.86
SU-DHL-5,SIDM00406,625,4.12,14,1.09,35.27
SU-DHL-6,SIDM00407,1500,1.85,13,0.42,81.09
SU-DHL-8,SIDM00423,2500,1.83,14,0.8,82.3
SU8686,SIDM01188,1250,1.96,30,0.55,74.04
SUIT-2,SIDM00371,325,2.99,78,1.11,45.62
SUP-B15,SIDM01176,3000,1.13,14,0.15,421.43
SUP-B8,SIDM01177,2500,2.33,3,0.09,58.95
SUP-HD1,SIDM00422,1250,1.8,14,0.92,84.99
SUP-M2,SIDM00421,1000,3.26,14,1.18,42.26
SUP-T1,SIDM01154,625,3.47,16,0.48,40.11
SW1088,SIDM01155,300,2.01,16,0.39,71.69
SW1116,SIDM00835,625,1.75,30,0.29,89.47
SW1271,SIDM01156,325,2.52,21,0.99,54.02
SW13,SIDM00814,200,2.31,12,0.59,59.65
SW1417,SIDM00812,625,1.68,29,0.39,96.33
SW1463,SIDM00834,400,2.78,34,0.69,48.83
SW156,SIDM01162,200,2.96,3,0.77,45.99
SW1573,SIDM01163,1250,1.67,19,0.43,96.87
SW1710,SIDM00420,200,3.03,16,0.82,45.03
SW1783,SIDM01164,150,2.64,6,0.33,51.32
SW1783,SIDM01164,500,1.33,13,0.32,175.63
SW1990,SIDM01165,625,2.03,42,0.55,70.24
SW48,SIDM00837,250,3.89,22,1.23,36.72
SW620,SIDM00841,300,4.67,6,0.98,32.37
SW620,SIDM00841,350,5.2,291,1.21,30.28
SW626,SIDM01168,325,2.59,31,0.65,52.34
SW684,SIDM01175,500,1.88,16,0.32,79.01
SW756,SIDM01174,1250,1.68,14,0.4,96.37
SW780,SIDM01160,325,2.19,15,0.24,63.72
SW837,SIDM00833,625,2.25,29,0.76,61.51
SW872,SIDM01159,625,2.41,16,0.62,56.67
SW948,SIDM00832,200,3.13,28,0.33,43.77
SW954,SIDM01157,325,2.2,3,0.05,63.38
SW982,SIDM01161,325,3.35,16,1.03,41.31
T-T,SIDM00322,325,2.61,16,0.69,51.94
T24,SIDM01184,625,1.93,3,0.6,75.97
T47D,SIDM00097,300,2.17,4,0.42,64.44
T47D,SIDM00097,500,1.66,41,0.52,98.34
T84,SIDM00782,625,2.91,27,0.62,46.69
T98G,SIDM01171,125,3.35,17,0.99,41.24
T98G,SIDM01171,150,4.36,2,0.21,33.89
TALL-1,SIDM00370,1000,2.18,3,0.1,64.21
TC-71,SIDM00419,400,3.72,12,0.74,37.99
TC-YIK,SIDM00234,500,3.52,12,0.96,39.7
TCCSUP,SIDM01190,625,1.8,14,0.45,84.59
TE-1,SIDM00369,300,1.46,14,0.36,132.03
TE-10,SIDM00349,200,2.76,11,0.47,49.14
TE-11,SIDM00348,100,6.85,5,0.08,25.94
TE-12,SIDM00023,75,2.69,3,0.09,50.42
TE-15,SIDM00249,312,2.85,13,0.66,47.68
TE-4,SIDM00250,1250,1.8,14,0.18,85.18
TE-441-T,SIDM01173,1250,1.7,3,0.08,94.32
TE-5,SIDM00347,325,2.75,16,0.65,49.33
SW48,SIDM00837,500,1.43,1,,139.66
SNU-1040,SIDM00217,1250,0.94,13,0.1,
TE-6,SIDM00328,325,2.48,15,0.66,54.85
TE-8,SIDM00326,325,2.85,15,0.5,47.62
TE-9,SIDM00325,400,1.67,16,0.56,97.81
TGBC11TKB,SIDM00251,1250,2.11,17,0.51,66.89
TGBC1TKB,SIDM00252,325,1.56,13,0.69,112.93
TGBC24TKB,SIDM00267,500,2.44,12,0.48,56.04
TGBC24TKB,SIDM00267,1250,1.64,2,0.09,100.51
TGW,SIDM00324,625,3.59,16,1.02,39.09
THP-1,SIDM01172,1000,1.4,3,0.03,149.75
TK,SIDM00323,2500,2.01,14,0.39,71.36
TK10,SIDM00113,300,2.52,20,0.81,53.94
TMK-1,SIDM00040,300,3.88,3,0.1,36.78
TOV-112D,SIDM01170,300,3.62,16,0.43,38.83
TOV-21G,SIDM01169,200,3.6,16,0.91,39.0
TT,SIDM00484,1250,1.48,16,0.26,128.29
TT2609-C02,SIDM00418,625,2.35,14,0.64,58.32
TUR,SIDM01205,625,2.86,14,0.85,47.55
TYK-nu,SIDM00321,300,2.88,21,0.5,47.24
U-118-MG,SIDM01193,200,2.94,2,0.35,46.35
U-118-MG,SIDM01193,250,2.37,16,0.34,57.92
U-2-OS,SIDM01191,625,2.0,240,0.62,71.88
U-266,SIDM00417,1250,1.61,2,0.18,104.88
U-266,SIDM00417,2500,1.27,15,0.52,205.44
U-698-M,SIDM00424,400,4.55,18,0.64,32.92
U-87-MG,SIDM01189,400,2.42,11,0.62,56.53
U-CH2,SIDM01185,625,1.03,3,0.02,1696.18
U031,SIDM00112,150,3.71,4,0.51,38.03
U251,SIDM00111,300,3.44,13,0.58,40.4
UACC-257,SIDM00108,625,2.32,12,0.38,59.43
UACC-62,SIDM00107,100,2.18,2,0.09,64.09
UACC-62,SIDM00107,125,2.61,15,0.91,51.92
UACC-812,SIDM01187,625,1.2,34,0.28,273.08
UACC-893,SIDM01186,800,1.34,31,0.22,170.57
UM-UC-3,SIDM01182,325,2.3,15,0.36,59.79
UMC-11,SIDM01183,625,2.13,14,0.38,66.11
UWB1.289,SIDM00815,300,2.74,3,0.08,49.45
VA-ES-BJ,SIDM01179,150,3.94,14,0.73,36.37
VAL,SIDM00416,1500,2.54,14,0.35,53.47
VCaP,SIDM01077,1250,1.8,19,0.56,84.55
VMRC-LCD,SIDM00320,1000,2.21,22,0.57,62.79
VMRC-RCW,SIDM00318,625,1.43,5,0.11,139.14
VMRC-RCZ,SIDM00317,625,1.63,14,0.48,101.95
WIL2-NS,SIDM01102,200,12.95,16,4.12,19.49
WM-115,SIDM01000,450,1.81,17,0.5,83.74
WM1552C,SIDM00976,400,2.74,16,1.12,49.43
WM278,SIDM00975,625,1.36,14,0.24,161.55
WM35,SIDM00974,400,2.06,13,0.4,69.06
WM793B,SIDM00973,150,5.45,15,1.44,29.45
WSU-DLCL2,SIDM00413,625,3.94,12,1.72,36.37
WSU-NHL,SIDM00412,400,3.86,14,0.74,36.92
YAPC,SIDM00411,625,2.2,35,0.52,63.34
YH-13,SIDM00316,325,2.54,16,0.89,53.64
YKG-1,SIDM00315,300,1.97,3,0.02,73.78
YMB-1-E,SIDM01261,325,1.82,4,0.08,83.55
YT,SIDM00410,400,2.38,17,1.07,57.54
ZR-75-30,SIDM00971,625,1.23,47,0.19,237.14
VAL,SIDM00416,2000,3.22,1,,42.66
VMRC-MELG,SIDM00319,625,0.68,4,0.02,
