molecular_profile,disease,drug,response,evidence_level,evidence_direction,source_publication,civic_id,source,source_version,source_file,source_record_id,download_date,file_sha256
EGFR T790M,Lung Non-small Cell Carcinoma,gefitinib,RESISTANCE,B,SUPPORTS,"Kobayashi et al., 2005",239,CIViC,unknown,data/raw/civic_evidence.csv,239,2026-10-03,c8393e5708835572922d248c2561bbed13601db94a63426c5f9a1e72ea68ae0f
EGFR T790M,Lung Adenocarcinoma,gefitinib|erlotinib,RESISTANCE,B,SUPPORTS,"Yu et al., 2013",1391,CIViC,unknown,data/raw/civic_evidence.csv,1391,2026-10-03,c8393e5708835572922d248c2561bbed13601db94a63426c5f9a1e72ea68ae0f
EGFR T790M,Lung Non-small Cell Carcinoma,gefitinib|erlotinib,RESISTANCE,B,SUPPORTS,"Belchis et al., 2016",1667,CIViC,unknown,data/raw/civic_evidence.csv,1667,2026-10-03,c8393e5708835572922d248c2561bbed13601db94a63426c5f9a1e72ea68ae0f
EGFR T790M,Lung Non-small Cell Carcinoma,gefitinib,RESISTANCE,B,SUPPORTS,"Kosaka et al., 2006",2159,CIViC,unknown,data/raw/civic_evidence.csv,2159,2026-10-03,c8393e5708835572922d248c2561bbed13601db94a63426c5f9a1e72ea68ae0f
EGFR T790M,Lung Non-small Cell Carcinoma,gefitinib|erlotinib,RESISTANCE,C,SUPPORTS,"Pao et al., 2005",2158,CIViC,unknown,data/raw/civic_evidence.csv,2158,2026-10-03,c8393e5708835572922d248c2561bbed13601db94a63426c5f9a1e72ea68ae0f
EGFR T790M,Lung Cancer,gefitinib|multikinase inhibitor aee788,RESISTANCE,D,SUPPORTS,"Yun et al., 2008",642,CIViC,unknown,data/raw/civic_evidence.csv,642,2026-10-03,c8393e5708835572922d248c2561bbed13601db94a63426c5f9a1e72ea68ae0f
EGFR T790M,Lung Non-small Cell Carcinoma,erlotinib,RESISTANCE,A,SUPPORTS,"Denis et al., 2015",238,CIViC,unknown,data/raw/civic_evidence.csv,238,2026-10-03,c8393e5708835572922d248c2561bbed13601db94a63426c5f9a1e72ea68ae0f
EGFR T790M,Lung Non-small Cell Carcinoma,erlotinib|pemetrexed,SENSITIVITYRESPONSE,C,SUPPORTS,"Li et al., 2014",277,CIViC,unknown,data/raw/civic_evidence.csv,277,2026-10-03,c8393e5708835572922d248c2561bbed13601db94a63426c5f9a1e72ea68ae0f
EGFR T790M,Lung Non-small Cell Carcinoma,osimertinib,SENSITIVITYRESPONSE,A,SUPPORTS,"Greig, 2016",1592,CIViC,unknown,data/raw/civic_evidence.csv,1592,2026-10-03,c8393e5708835572922d248c2561bbed13601db94a63426c5f9a1e72ea68ae0f
EGFR T790M,Lung Non-small Cell Carcinoma,osimertinib,SENSITIVITYRESPONSE,A,SUPPORTS,"Mok et al., 2017",1867,CIViC,unknown,data/raw/civic_evidence.csv,1867,2026-10-03,c8393e5708835572922d248c2561bbed13601db94a63426c5f9a1e72ea68ae0f
EGFR T790M AND EGFR Exon 19 Deletion,Lung Non-small Cell Carcinoma,osimertinib,SENSITIVITYRESPONSE,A,SUPPORTS,"Mok et al., 2017",11598,CIViC,unknown,data/raw/civic_evidence.csv,11598,2026-10-03,c8393e5708835572922d248c2561bbed13601db94a63426c5f9a1e72ea68ae0f
EGFR L858R AND EGFR T790M,Lung Non-small Cell Carcinoma,osimertinib,SENSITIVITYRESPONSE,A,SUPPORTS,"Mok et al., 2017",11599,CIViC,unknown,data/raw/civic_evidence.csv,11599,2026-10-03,c8393e5708835572922d248c2561bbed13601db94a63426c5f9a1e72ea68ae0f
EGFR T790M,Lung Non-small Cell Carcinoma,osimertinib,SENSITIVITYRESPONSE,B,SUPPORTS,"Jänne et al., 2015",965,CIViC,unknown,data/raw/civic_evidence.csv,965,2026-10-03,c8393e5708835572922d248c2561bbed13601db94a63426c5f9a1e72ea68ae0f
EGFR T790M,Lung Non-small Cell Carcinoma,osimertinib,SENSITIVITYRESPONSE,B,SUPPORTS,"Sequist et al., 2016",966,CIViC,unknown,data/raw/civic_evidence.csv,966,2026-10-03,c8393e5708835572922d248c2561bbed13601db94a63426c5f9a1e72ea68ae0f
EGFR T790M AND EGFR Exon 19 del,Lung Adenocarcinoma,osimertinib,SENSITIVITYRESPONSE,C,SUPPORTS,"Xiang et al., 2023",12946,CIViC,unknown,data/raw/civic_evidence.csv,12946,2026-10-03,c8393e5708835572922d248c2561bbed13601db94a63426c5f9a1e72ea68ae0f
EGFR T790M,Lung Adenocarcinoma,osimertinib,SENSITIVITYRESPONSE,C,SUPPORTS,"Planchard et al., 2015",2157,CIViC,unknown,data/raw/civic_evidence.csv,2157,2026-10-03,c8393e5708835572922d248c2561bbed13601db94a63426c5f9a1e72ea68ae0f
EGFR T790M,Pancreatic Adenocarcinoma,osimertinib,SENSITIVITYRESPONSE,C,DOES_NOT_SUPPORT,"Cecchini et al., 2017",6006,CIViC,unknown,data/raw/civic_evidence.csv,6006,2026-10-03,c8393e5708835572922d248c2561bbed13601db94a63426c5f9a1e72ea68ae0f
EGFR T790M AND EGFR Exon 19 Deletion AND EGFR C797S,Lung Adenocarcinoma,osimertinib,RESISTANCE,C,SUPPORTS,"Yu et al., 2015",1396,CIViC,unknown,data/raw/civic_evidence.csv,1396,2026-10-03,c8393e5708835572922d248c2561bbed13601db94a63426c5f9a1e72ea68ae0f
EGFR T790M AND EGFR Exon 19 Deletion,Lung Adenocarcinoma,osimertinib,SENSITIVITYRESPONSE,C,SUPPORTS,"Yu et al., 2015",1397,CIViC,unknown,data/raw/civic_evidence.csv,1397,2026-10-03,c8393e5708835572922d248c2561bbed13601db94a63426c5f9a1e72ea68ae0f
EGFR T790M,Lung Non-small Cell Carcinoma,osimertinib,SENSITIVITYRESPONSE,D,SUPPORTS,"Cross et al., 2014",963,CIViC,unknown,data/raw/civic_evidence.csv,963,2026-10-03,c8393e5708835572922d248c2561bbed13601db94a63426c5f9a1e72ea68ae0f
EGFR T790M,Lung Non-small Cell Carcinoma,osimertinib|rociletinib,SENSITIVITYRESPONSE,D,SUPPORTS,"Hirano et al., 2015",967,CIViC,unknown,data/raw/civic_evidence.csv,967,2026-10-03,c8393e5708835572922d248c2561bbed13601db94a63426c5f9a1e72ea68ae0f
EGFR C797S,Lung Non-small Cell Carcinoma,osimertinib,RESISTANCE,B,SUPPORTS,"Thress et al., 2015",964,CIViC,unknown,data/raw/civic_evidence.csv,964,2026-10-03,c8393e5708835572922d248c2561bbed13601db94a63426c5f9a1e72ea68ae0f
MET Amplification,Lung Adenocarcinoma,gefitinib|erlotinib,RESISTANCE,C,SUPPORTS,"Yu et al., 2013",1392,CIViC,unknown,data/raw/civic_evidence.csv,1392,2026-10-03,c8393e5708835572922d248c2561bbed13601db94a63426c5f9a1e72ea68ae0f
MET Amplification,Lung Non-small Cell Carcinoma,gefitinib,RESISTANCE,D,SUPPORTS,"Engelman et al., 2007",733,CIViC,unknown,data/raw/civic_evidence.csv,733,2026-10-03,c8393e5708835572922d248c2561bbed13601db94a63426c5f9a1e72ea68ae0f
EGFR L858R OR EGFR Exon 19 Deletion,Lung Non-small Cell Carcinoma,gefitinib,SENSITIVITYRESPONSE,A,SUPPORTS,"Douillard et al., 2014",11241,CIViC,unknown,data/raw/civic_evidence.csv,11241,2026-10-03,c8393e5708835572922d248c2561bbed13601db94a63426c5f9a1e72ea68ae0f
EGFR L858R,Lung Non-small Cell Carcinoma,gefitinib|erlotinib,SENSITIVITYRESPONSE,B,SUPPORTS,"Fukihara et al., 2014",275,CIViC,unknown,data/raw/civic_evidence.csv,275,2026-10-03,c8393e5708835572922d248c2561bbed13601db94a63426c5f9a1e72ea68ae0f
EGFR L858R,Lung Non-small Cell Carcinoma,gefitinib,SENSITIVITYRESPONSE,B,SUPPORTS,"Douillard et al., 2010",2621,CIViC,unknown,data/raw/civic_evidence.csv,2621,2026-10-03,c8393e5708835572922d248c2561bbed13601db94a63426c5f9a1e72ea68ae0f
EGFR L858R OR EGFR Exon 19 Deletion,Lung Non-small Cell Carcinoma,erlotinib|gefitinib,SENSITIVITYRESPONSE,B,SUPPORTS,"Wu et al., 2011",4759,CIViC,unknown,data/raw/civic_evidence.csv,4759,2026-10-03,c8393e5708835572922d248c2561bbed13601db94a63426c5f9a1e72ea68ae0f
EGFR L858R,Lung Non-small Cell Carcinoma,gefitinib|erlotinib,SENSITIVITYRESPONSE,B,SUPPORTS,"Lim et al., 2014",229,CIViC,unknown,data/raw/civic_evidence.csv,229,2026-10-03,c8393e5708835572922d248c2561bbed13601db94a63426c5f9a1e72ea68ae0f
EGFR L858R,Lung Non-small Cell Carcinoma,gefitinib,SENSITIVITYRESPONSE,B,SUPPORTS,"Yang et al., 2008",1665,CIViC,unknown,data/raw/civic_evidence.csv,1665,2026-10-03,c8393e5708835572922d248c2561bbed13601db94a63426c5f9a1e72ea68ae0f
EGFR L858R,Lung Adenocarcinoma,gefitinib,SENSITIVITYRESPONSE,B,SUPPORTS,"Han et al., 2012",2634,CIViC,unknown,data/raw/civic_evidence.csv,2634,2026-10-03,c8393e5708835572922d248c2561bbed13601db94a63426c5f9a1e72ea68ae0f
EGFR L858R,Lung Adenocarcinoma,gefitinib,SENSITIVITYRESPONSE,B,SUPPORTS,"Urata et al., 2016",6183,CIViC,unknown,data/raw/civic_evidence.csv,6183,2026-10-03,c8393e5708835572922d248c2561bbed13601db94a63426c5f9a1e72ea68ae0f
EGFR L858R OR EGFR Exon 19 Deletion,Lung Non-small Cell Carcinoma,gefitinib,SENSITIVITYRESPONSE,C,SUPPORTS,"Yu et al., 2014",2156,CIViC,unknown,data/raw/civic_evidence.csv,2156,2026-10-03,c8393e5708835572922d248c2561bbed13601db94a63426c5f9a1e72ea68ae0f
EGFR L858R,Lung Adenocarcinoma,gefitinib,SENSITIVITYRESPONSE,C,SUPPORTS,"Pao et al., 2004",2624,CIViC,unknown,data/raw/civic_evidence.csv,2624,2026-10-03,c8393e5708835572922d248c2561bbed13601db94a63426c5f9a1e72ea68ae0f
EGFR L858R,Lung Non-small Cell Carcinoma,gefitinib,SENSITIVITYRESPONSE,D,SUPPORTS,"Paez et al., 2004",276,CIViC,unknown,data/raw/civic_evidence.csv,276,2026-10-03,c8393e5708835572922d248c2561bbed13601db94a63426c5f9a1e72ea68ae0f
EGFR L858R,Lung Non-small Cell Carcinoma,erlotinib,SENSITIVITYRESPONSE,A,SUPPORTS,"Khozin et al., 2014",2994,CIViC,unknown,data/raw/civic_evidence.csv,2994,2026-10-03,c8393e5708835572922d248c2561bbed13601db94a63426c5f9a1e72ea68ae0f
EGFR L858R OR EGFR Exon 19 Deletion,Lung Non-small Cell Carcinoma,erlotinib|ramucirumab,SENSITIVITYRESPONSE,A,SUPPORTS,"Nakagawa et al., 2019",11240,CIViC,unknown,data/raw/civic_evidence.csv,11240,2026-10-03,c8393e5708835572922d248c2561bbed13601db94a63426c5f9a1e72ea68ae0f
EGFR L858R OR EGFR Exon 19 Deletion,Lung Adenocarcinoma,erlotinib,SENSITIVITYRESPONSE,B,SUPPORTS,"Rosell et al., 2012",3791,CIViC,unknown,data/raw/civic_evidence.csv,3791,2026-10-03,c8393e5708835572922d248c2561bbed13601db94a63426c5f9a1e72ea68ae0f
EGFR L858R,Lung Non-small Cell Carcinoma,erlotinib,SENSITIVITYRESPONSE,B,SUPPORTS,"Rosell et al., 2012",885,CIViC,unknown,data/raw/civic_evidence.csv,885,2026-10-03,c8393e5708835572922d248c2561bbed13601db94a63426c5f9a1e72ea68ae0f
EGFR L858R,Lung Adenocarcinoma,erlotinib,SENSITIVITYRESPONSE,B,SUPPORTS,"De Grève et al., 2016",4290,CIViC,unknown,data/raw/civic_evidence.csv,4290,2026-10-03,c8393e5708835572922d248c2561bbed13601db94a63426c5f9a1e72ea68ae0f
EGFR L858R,Lung Non-small Cell Carcinoma,erlotinib,SENSITIVITYRESPONSE,C,SUPPORTS,"Pao et al., 2004",2632,CIViC,unknown,data/raw/civic_evidence.csv,2632,2026-10-03,c8393e5708835572922d248c2561bbed13601db94a63426c5f9a1e72ea68ae0f
EGFR L858R,Lung Non-small Cell Carcinoma,erlotinib,SENSITIVITYRESPONSE,D,SUPPORTS,"de Gunst et al., 2007",4265,CIViC,unknown,data/raw/civic_evidence.csv,4265,2026-10-03,c8393e5708835572922d248c2561bbed13601db94a63426c5f9a1e72ea68ae0f
EGFR L858R,Lung Non-small Cell Carcinoma,erlotinib,SENSITIVITYRESPONSE,D,SUPPORTS,"Yasuda et al., 2013",4286,CIViC,unknown,data/raw/civic_evidence.csv,4286,2026-10-03,c8393e5708835572922d248c2561bbed13601db94a63426c5f9a1e72ea68ae0f
EGFR L858R,Lung Non-small Cell Carcinoma,erlotinib,SENSITIVITYRESPONSE,D,SUPPORTS,"Li et al., 2008",4284,CIViC,unknown,data/raw/civic_evidence.csv,4284,2026-10-03,c8393e5708835572922d248c2561bbed13601db94a63426c5f9a1e72ea68ae0f
EGFR L858R,Lung Adenocarcinoma,erlotinib,SENSITIVITYRESPONSE,D,SUPPORTS,"Konduri et al., 2016",4291,CIViC,unknown,data/raw/civic_evidence.csv,4291,2026-10-03,c8393e5708835572922d248c2561bbed13601db94a63426c5f9a1e72ea68ae0f
EGFR L858R,Lung Small Cell Carcinoma,erlotinib,SENSITIVITYRESPONSE,D,SUPPORTS,"Cross et al., 2014",4293,CIViC,unknown,data/raw/civic_evidence.csv,4293,2026-10-03,c8393e5708835572922d248c2561bbed13601db94a63426c5f9a1e72ea68ae0f
EGFR L858R,Lung Non-small Cell Carcinoma,erlotinib,SENSITIVITYRESPONSE,D,SUPPORTS,"Ray et al., 2016",4287,CIViC,unknown,data/raw/civic_evidence.csv,4287,2026-10-03,c8393e5708835572922d248c2561bbed13601db94a63426c5f9a1e72ea68ae0f
EGFR L858R OR EGFR Exon 19 Deletion,Lung Non-small Cell Carcinoma,osimertinib,SENSITIVITYRESPONSE,A,SUPPORTS,"Wu et al., 2020",11219,CIViC,unknown,data/raw/civic_evidence.csv,11219,2026-10-03,c8393e5708835572922d248c2561bbed13601db94a63426c5f9a1e72ea68ae0f
EGFR L858R OR EGFR Exon 19 Deletion,Lung Non-small Cell Carcinoma,osimertinib|chemotherapy,SENSITIVITYRESPONSE,A,SUPPORTS,"Planchard et al., 2023",12015,CIViC,unknown,data/raw/civic_evidence.csv,12015,2026-10-03,c8393e5708835572922d248c2561bbed13601db94a63426c5f9a1e72ea68ae0f
EGFR L858R,Lung Non-small Cell Carcinoma,osimertinib,SENSITIVITYRESPONSE,D,SUPPORTS,"Cross et al., 2014",4294,CIViC,unknown,data/raw/civic_evidence.csv,4294,2026-10-03,c8393e5708835572922d248c2561bbed13601db94a63426c5f9a1e72ea68ae0f
EGFR Exon 19 Deletion,Lung Non-small Cell Carcinoma,gefitinib|erlotinib,SENSITIVITYRESPONSE,B,SUPPORTS,"Jackman et al., 2006",413,CIViC,unknown,data/raw/civic_evidence.csv,413,2026-10-03,c8393e5708835572922d248c2561bbed13601db94a63426c5f9a1e72ea68ae0f
EGFR Exon 19 Deletion,Lung Non-small Cell Carcinoma,gefitinib,SENSITIVITYRESPONSE,B,SUPPORTS,"Yang et al., 2008",1666,CIViC,unknown,data/raw/civic_evidence.csv,1666,2026-10-03,c8393e5708835572922d248c2561bbed13601db94a63426c5f9a1e72ea68ae0f
EGFR Exon 19 Deletion,Lung Adenocarcinoma,gefitinib,SENSITIVITYRESPONSE,B,SUPPORTS,"Han et al., 2012",2519,CIViC,unknown,data/raw/civic_evidence.csv,2519,2026-10-03,c8393e5708835572922d248c2561bbed13601db94a63426c5f9a1e72ea68ae0f
EGFR Exon 19 Deletion,Lung Adenocarcinoma,gefitinib,SENSITIVITYRESPONSE,B,SUPPORTS,"Urata et al., 2016",6184,CIViC,unknown,data/raw/civic_evidence.csv,6184,2026-10-03,c8393e5708835572922d248c2561bbed13601db94a63426c5f9a1e72ea68ae0f
EGFR Exon 19 Deletion,Lung Non-small Cell Carcinoma,gefitinib,SENSITIVITYRESPONSE,D,SUPPORTS,"Ji et al., 2006",273,CIViC,unknown,data/raw/civic_evidence.csv,273,2026-10-03,c8393e5708835572922d248c2561bbed13601db94a63426c5f9a1e72ea68ae0f
EGFR Exon 19 Deletion,Lung Non-small Cell Carcinoma,erlotinib,SENSITIVITYRESPONSE,A,SUPPORTS,"Khozin et al., 2014",2995,CIViC,unknown,data/raw/civic_evidence.csv,2995,2026-10-03,c8393e5708835572922d248c2561bbed13601db94a63426c5f9a1e72ea68ae0f
EGFR Exon 19 Deletion,Lung Non-small Cell Carcinoma,erlotinib,SENSITIVITYRESPONSE,B,SUPPORTS,"Rosell et al., 2012",884,CIViC,unknown,data/raw/civic_evidence.csv,884,2026-10-03,c8393e5708835572922d248c2561bbed13601db94a63426c5f9a1e72ea68ae0f
EGFR Exon 19 Deletion,Lung Non-small Cell Carcinoma,dacomitinib|erlotinib,SENSITIVITYRESPONSE,B,SUPPORTS,"Ramalingam et al., 2016",4859,CIViC,unknown,data/raw/civic_evidence.csv,4859,2026-10-03,c8393e5708835572922d248c2561bbed13601db94a63426c5f9a1e72ea68ae0f
EGFR Exon 19 Deletion,Lung Adenocarcinoma,erlotinib,SENSITIVITYRESPONSE,C,SUPPORTS,"Kanemaru et al., 2016",4766,CIViC,unknown,data/raw/civic_evidence.csv,4766,2026-10-03,c8393e5708835572922d248c2561bbed13601db94a63426c5f9a1e72ea68ae0f
EGFR Mutation,Lung Non-small Cell Carcinoma,gefitinib,SENSITIVITYRESPONSE,B,SUPPORTS,"Mitsudomi et al., 2010",1937,CIViC,unknown,data/raw/civic_evidence.csv,1937,2026-10-03,c8393e5708835572922d248c2561bbed13601db94a63426c5f9a1e72ea68ae0f
EGFR Mutation,Lung Non-small Cell Carcinoma,gefitinib,SENSITIVITYRESPONSE,B,SUPPORTS,"Mok et al., 2009",2148,CIViC,unknown,data/raw/civic_evidence.csv,2148,2026-10-03,c8393e5708835572922d248c2561bbed13601db94a63426c5f9a1e72ea68ae0f
EGFR Mutation,Lung Non-small Cell Carcinoma,gefitinib|erlotinib,SENSITIVITYRESPONSE,B,SUPPORTS,"Ludovini et al., 2011",2053,CIViC,unknown,data/raw/civic_evidence.csv,2053,2026-10-03,c8393e5708835572922d248c2561bbed13601db94a63426c5f9a1e72ea68ae0f
EGFR Mutation,Lung Non-small Cell Carcinoma,gefitinib,SENSITIVITYRESPONSE,B,SUPPORTS,"Pao et al., 2004",2559,CIViC,unknown,data/raw/civic_evidence.csv,2559,2026-10-03,c8393e5708835572922d248c2561bbed13601db94a63426c5f9a1e72ea68ae0f
EGFR Mutation,Lung Non-small Cell Carcinoma,gefitinib,SENSITIVITYRESPONSE,B,SUPPORTS,"Douillard et al., 2010",3016,CIViC,unknown,data/raw/civic_evidence.csv,3016,2026-10-03,c8393e5708835572922d248c2561bbed13601db94a63426c5f9a1e72ea68ae0f
EGFR Mutation,Lung Cancer,gefitinib,SENSITIVITYRESPONSE,B,SUPPORTS,"Endoh et al., 2006",2939,CIViC,unknown,data/raw/civic_evidence.csv,2939,2026-10-03,c8393e5708835572922d248c2561bbed13601db94a63426c5f9a1e72ea68ae0f
EGFR Mutation,Lung Non-small Cell Carcinoma,erlotinib,SENSITIVITYRESPONSE,B,SUPPORTS,"Zhou et al., 2011",7024,CIViC,unknown,data/raw/civic_evidence.csv,7024,2026-10-03,c8393e5708835572922d248c2561bbed13601db94a63426c5f9a1e72ea68ae0f
EGFR Mutation,Lung Non-small Cell Carcinoma,erlotinib,SENSITIVITYRESPONSE,B,SUPPORTS,"Pao et al., 2004",3794,CIViC,unknown,data/raw/civic_evidence.csv,3794,2026-10-03,c8393e5708835572922d248c2561bbed13601db94a63426c5f9a1e72ea68ae0f
EGFR Mutation,Lung Cancer,erlotinib,SENSITIVITYRESPONSE,B,SUPPORTS,"Ramalingam et al., 2011",3864,CIViC,unknown,data/raw/civic_evidence.csv,3864,2026-10-03,c8393e5708835572922d248c2561bbed13601db94a63426c5f9a1e72ea68ae0f
EGFR Mutation,Lung Non-small Cell Carcinoma,erlotinib,SENSITIVITYRESPONSE,C,SUPPORTS,"Brugger et al., 2011",4201,CIViC,unknown,data/raw/civic_evidence.csv,4201,2026-10-03,c8393e5708835572922d248c2561bbed13601db94a63426c5f9a1e72ea68ae0f
