step,time,drug,dose,burden,births,mutations,drug_deaths,hypoxic_deaths,proliferating,quiescent,necrotic,mean_oxygen,mean_drug,ESR1_WT,ESR1_Y537S,ESR1_D538G,CDK_ESCAPE
1,1.0,palbociclib,0.5,1470,92,0,122,0,1417,53,97,0.9690539873951041,0.4999145856431041,1452,5,13,0
2,2.0,palbociclib,0.5,1418,73,0,125,0,1383,35,173,0.9692660436095059,0.49991458610866196,1400,5,13,0
3,3.0,palbociclib,0.5,1366,84,0,136,0,1350,16,240,0.9697239206663041,0.4999145866017188,1347,5,14,0
4,4.0,palbociclib,0.5,1351,97,0,112,0,1342,9,267,0.9703654437900658,0.4999145871320392,1332,5,14,0
5,5.0,palbociclib,0.5,1322,82,0,111,0,1318,4,298,0.9703292150471954,0.4999145874436002,1304,6,12,0
6,6.0,palbociclib,0.5,1276,74,0,120,0,1275,1,325,0.9706273985484402,0.49991458772392994,1258,6,12,0
7,7.0,palbociclib,0.5,1218,67,0,125,0,1218,0,340,0.9712770673225256,0.49991458810300765,1203,4,11,0
8,8.0,palbociclib,0.5,1181,77,0,114,0,1181,0,370,0.9719385161502919,0.49991458844041176,1168,3,10,0
9,9.0,palbociclib,0.5,1146,64,0,99,0,1146,0,372,0.9726155613843306,0.49991458876386524,1132,3,11,0
10,10.0,palbociclib,0.5,1115,73,0,104,0,1115,0,380,0.9732025864435409,0.4999145890720712,1102,2,11,0
11,11.0,palbociclib,0.5,1079,82,0,118,0,1077,2,402,0.9737759323037751,0.49991458935160543,1065,3,11,0
12,12.0,palbociclib,0.5,1054,74,0,99,0,1054,0,387,0.9746078549287573,0.4999145896341608,1041,3,10,0
13,13.0,palbociclib,0.5,1014,51,0,91,0,1014,0,377,0.9749748607953417,0.4999145898727474,1002,4,8,0
14,14.0,palbociclib,0.5,986,55,0,83,0,986,0,348,0.9760090300168263,0.49991459017761397,974,4,8,0
15,15.0,palbociclib,0.5,972,63,0,77,0,972,0,310,0.9765370080964667,0.4999145904307379,958,4,10,0
16,16.0,palbociclib,0.5,951,63,0,84,0,951,0,314,0.9767387175416068,0.4999145905864878,937,4,10,0
17,17.0,palbociclib,0.5,927,57,0,81,0,927,0,305,0.9770782173346726,0.49991459075156375,913,4,10,0
18,18.0,palbociclib,0.5,883,44,0,88,0,883,0,298,0.9774822693709413,0.4999145909141633,870,3,10,0
19,19.0,palbociclib,0.5,850,51,0,84,0,850,0,304,0.9781323213850792,0.4999145911319895,838,3,9,0
20,20.0,palbociclib,0.5,804,39,0,85,0,804,0,294,0.9788972249262052,0.49991459137667416,791,3,10,0
21,21.0,palbociclib,0.5,814,66,0,56,0,814,0,267,0.9796139283726619,0.4999145916335363,799,3,12,0
22,22.0,palbociclib,0.5,779,47,0,82,0,779,0,259,0.9793692607251322,0.4999145916848113,766,4,9,0
23,23.0,palbociclib,0.5,764,51,0,66,0,764,0,257,0.9802380496586467,0.4999145918817764,755,3,6,0
24,24.0,palbociclib,0.5,734,42,0,72,0,734,0,251,0.9802789880891193,0.4999145919689801,726,3,5,0
25,25.0,palbociclib,0.5,716,50,0,68,0,716,0,240,0.9808192791643388,0.49991459210998745,707,3,6,0
26,26.0,palbociclib,0.5,683,37,0,70,0,683,0,238,0.9812926243226301,0.499914592245101,673,3,7,0
27,27.0,palbociclib,0.5,654,49,0,78,0,654,0,250,0.9821249033125176,0.49991459247169145,644,3,7,0
28,28.0,palbociclib,0.5,636,33,0,51,0,636,0,228,0.9826861703577165,0.4999145926731114,627,3,6,0
29,29.0,palbociclib,0.5,615,36,0,57,0,615,0,227,0.9831368991328707,0.49991459282042616,609,2,4,0
30,30.0,palbociclib,0.5,577,28,0,66,0,577,0,226,0.983660413958094,0.49991459297350466,572,1,4,0
31,31.0,palbociclib,0.5,562,37,0,52,0,562,0,216,0.9844392433201763,0.49991459318722237,558,1,3,0
32,32.0,palbociclib,0.5,550,35,0,47,0,550,0,193,0.9849098687002962,0.4999145933137555,546,1,3,0
33,33.0,palbociclib,0.5,538,38,0,50,0,538,0,184,0.9852404075365058,0.49991459343329175,534,1,3,0
34,34.0,palbociclib,0.5,520,40,0,58,0,520,0,194,0.9855326999735273,0.4999145935492742,515,2,3,0
35,35.0,palbociclib,0.5,504,28,0,44,0,504,0,183,0.9860100150941535,0.4999145936882075,499,2,3,0
36,36.0,palbociclib,0.5,488,21,0,37,0,488,0,170,0.9864391660103232,0.4999145938225233,483,2,3,0
37,37.0,palbociclib,0.5,476,29,0,41,0,476,0,164,0.986959694723006,0.4999145939618671,471,2,3,0
38,38.0,palbociclib,0.5,467,29,0,38,0,467,0,153,0.9872410723567329,0.4999145940817719,461,2,4,0
39,39.0,palbociclib,0.5,470,33,0,30,0,470,0,143,0.9875738245113802,0.4999145941785777,464,2,4,0
40,40.0,palbociclib,0.5,435,21,0,56,0,435,0,156,0.9874417850596932,0.4999145942058874,428,2,5,0
41,41.0,palbociclib,0.5,428,32,0,39,0,428,0,153,0.9884345934688136,0.49991459440746305,422,2,4,0
42,42.0,palbociclib,0.5,411,22,0,39,0,411,0,151,0.988646475990229,0.4999145945190265,405,2,4,0
43,43.0,palbociclib,0.5,398,22,0,35,0,398,0,150,0.9889547903166084,0.4999145946157274,391,2,5,0
44,44.0,palbociclib,0.5,383,19,0,34,0,383,0,138,0.9892219069116998,0.49991459470142524,375,2,6,0
45,45.0,palbociclib,0.5,360,18,0,41,0,360,0,138,0.9896158364181226,0.49991459479046096,353,2,5,0
46,46.0,palbociclib,0.5,351,19,0,28,0,351,0,139,0.9902310023786577,0.4999145949418936,344,2,5,0
47,47.0,palbociclib,0.5,343,20,0,28,0,343,0,135,0.9904206423410538,0.49991459503871566,333,2,8,0
48,48.0,palbociclib,0.5,340,24,0,27,0,340,0,128,0.9907449178178666,0.49991459511819686,329,2,9,0
49,49.0,palbociclib,0.5,336,20,0,24,0,336,0,113,0.9907361300399258,0.49991459515871356,326,1,9,0
50,50.0,palbociclib,0.5,320,18,0,34,0,320,0,110,0.9908581392337453,0.4999145951953718,310,1,9,0
51,51.0,palbociclib,0.5,301,14,0,33,0,301,0,107,0.9912493237551979,0.4999145952857528,293,1,7,0
52,52.0,palbociclib,0.5,292,17,0,26,0,292,0,98,0.9918472046008949,0.49991459542258504,281,1,10,0
53,53.0,palbociclib,0.5,285,13,0,20,0,285,0,93,0.9921289994478876,0.4999145955208719,276,0,9,0
54,54.0,palbociclib,0.5,281,23,0,27,0,281,0,95,0.9922162624004194,0.49991459558403895,272,0,9,0
55,55.0,palbociclib,0.5,275,18,0,24,0,275,0,94,0.9923171051361585,0.4999145956235047,265,0,10,0
56,56.0,palbociclib,0.5,265,15,0,25,0,265,0,92,0.9924430877654239,0.4999145956551158,254,0,11,0
57,57.0,palbociclib,0.5,257,10,0,18,0,257,0,94,0.9926751097098722,0.49991459570509167,246,0,11,0
58,58.0,palbociclib,0.5,242,17,0,32,0,242,0,102,0.9928143021678186,0.49991459575747393,232,0,10,0
59,59.0,palbociclib,0.5,243,21,0,20,0,243,0,106,0.9930542985413555,0.4999145958388902,232,0,11,0
60,60.0,palbociclib,0.5,232,14,0,25,0,232,0,102,0.9929828965847473,0.4999145958567619,219,0,13,0
