step,time,drug,dose,burden,births,mutations,drug_deaths,hypoxic_deaths,proliferating,quiescent,necrotic,mean_oxygen,mean_drug,EGFR,T790M,C797S,MET_AMP
1,0.25,gefitinib,0.9,1492,104,0,112,0,1436,56,106,0.9690539873951041,0.8998462557954577,1347,145,0,0
2,0.5,gefitinib,0.9,1476,89,0,105,0,1424,52,201,0.9688407588129014,0.8998462562523718,1321,155,0,0
3,0.75,gefitinib,0.9,1419,93,1,150,0,1357,62,330,0.9689927075356154,0.8998462566810318,1250,168,0,1
4,1.0,gefitinib,0.9,1388,97,0,128,0,1339,49,430,0.9697772690211842,0.899846257375828,1207,180,0,1
5,1.25,gefitinib,0.9,1367,87,0,108,0,1319,48,507,0.9700312390304212,0.8998462578596903,1172,194,0,1
6,1.5,gefitinib,0.9,1342,83,0,108,0,1297,45,580,0.9702870615583399,0.8998462583073256,1124,217,0,1
7,1.75,gefitinib,0.9,1333,95,0,104,0,1295,38,649,0.9705813547617255,0.899846258749566,1091,241,0,1
8,2.0,gefitinib,0.9,1321,87,0,99,0,1259,62,705,0.9705960072492084,0.8998462589903403,1054,266,0,1
9,2.25,gefitinib,0.9,1343,97,0,75,0,1282,61,728,0.9706599760291785,0.8998462592032666,1055,287,0,1
10,2.5,gefitinib,0.9,1342,94,0,95,0,1294,48,767,0.9700717349925932,0.899846259108906,1028,312,0,2
11,2.75,gefitinib,0.9,1344,89,0,87,0,1288,56,803,0.9697802153190112,0.8998462590117629,1007,336,0,1
12,3.0,gefitinib,0.9,1310,82,0,116,0,1250,60,861,0.9697393651487252,0.8998462590231363,937,372,0,1
13,3.25,gefitinib,0.9,1304,96,0,102,0,1259,45,902,0.9701210154753583,0.899846259258087,900,403,0,1
14,3.5,gefitinib,0.9,1304,80,0,80,0,1263,41,922,0.9699656581661055,0.8998462593081863,857,446,0,1
15,3.75,gefitinib,0.9,1303,82,2,83,0,1251,52,959,0.9698324233215864,0.8998462592702313,815,485,0,3
16,4.0,gefitinib,0.9,1338,107,0,72,0,1299,39,964,0.9696367153959234,0.8998462592470814,804,531,0,3
17,4.25,gefitinib,0.9,1370,99,0,67,0,1328,42,975,0.9688859505054345,0.8998462588345161,794,573,0,3
18,4.5,gefitinib,0.9,1407,102,0,65,0,1355,52,969,0.9680872728920378,0.8998462583837862,774,630,0,3
19,4.75,gefitinib,0.9,1441,104,0,70,0,1388,53,981,0.9674503821106901,0.8998462579797903,754,684,0,3
20,5.0,gefitinib,0.9,1469,92,0,64,0,1419,50,974,0.9666692136505163,0.8998462574195637,735,730,0,4
21,5.25,gefitinib,0.9,1480,84,0,73,0,1418,62,984,0.9659225998545348,0.8998462569206018,696,780,0,4
22,5.5,gefitinib,0.9,1526,116,0,70,0,1451,75,995,0.9656442186829828,0.8998462566665042,666,856,0,4
23,5.75,gefitinib,0.9,1538,90,0,78,0,1470,68,1006,0.9646227625828908,0.8998462560219738,619,915,0,4
24,6.0,gefitinib,0.9,1586,107,0,59,0,1502,84,997,0.9642719335834959,0.8998462557056086,596,985,0,5
25,6.25,gefitinib,0.9,1650,126,0,62,0,1576,74,988,0.9633932771334349,0.8998462551501943,575,1070,0,5
26,6.5,gefitinib,0.9,1716,125,0,59,0,1625,91,984,0.9620719028846878,0.8998462543458721,554,1157,0,5
27,6.75,gefitinib,0.9,1790,126,0,52,0,1650,140,967,0.961100940649739,0.8998462534706825,538,1246,0,6
28,7.0,gefitinib,0.9,1877,141,0,54,0,1673,204,958,0.9597890113826459,0.8998462525789991,526,1345,0,6
29,7.25,gefitinib,0.9,1966,139,0,50,0,1713,253,943,0.9581744181679737,0.8998462514554959,506,1453,0,7
30,7.5,gefitinib,0.9,2032,134,0,68,0,1712,320,938,0.9562975550097019,0.8998462501663801,473,1550,0,9
31,7.75,gefitinib,0.9,2142,163,1,53,0,1757,385,939,0.9551731194335802,0.8998462491782869,455,1676,0,11
32,8.0,gefitinib,0.9,2219,129,0,52,0,1767,452,941,0.9530129097487267,0.8998462476929586,433,1774,0,12
33,8.25,gefitinib,0.9,2312,148,0,55,0,1840,472,948,0.9515494565754821,0.8998462465203171,405,1893,0,14
34,8.5,gefitinib,0.9,2447,162,1,27,0,1916,531,916,0.9495311960873053,0.8998462451062513,399,2032,0,16
35,8.75,gefitinib,0.9,2552,163,0,58,0,1897,655,916,0.9469053323098124,0.8998462431299451,367,2167,0,18
36,9.0,gefitinib,0.9,2672,174,0,54,0,1942,730,910,0.9445815016579131,0.8998462414423862,343,2310,0,19
37,9.25,gefitinib,0.9,2818,182,0,36,0,1984,834,893,0.942367088675167,0.8998462397280035,331,2466,0,21
38,9.5,gefitinib,0.9,2944,161,0,35,0,2050,894,873,0.9392205073340641,0.8998462376299868,311,2612,0,21
39,9.75,gefitinib,0.9,3068,171,0,47,0,2043,1025,865,0.9368738924234118,0.8998462355831728,292,2752,0,24
40,10.0,gefitinib,0.9,3219,189,1,38,0,2172,1047,844,0.9346160943000436,0.8998462336642257,291,2903,1,24
41,10.25,gefitinib,0.9,3358,193,0,54,0,2185,1173,845,0.9315253731916263,0.8998462313127389,273,3062,1,22
42,10.5,gefitinib,0.9,3513,188,0,33,0,2214,1299,817,0.9286985366199574,0.8998462290764843,268,3221,1,23
43,10.75,gefitinib,0.9,3638,167,1,42,0,2176,1462,815,0.925751989697379,0.899846226745871,256,3356,1,25
44,11.0,gefitinib,0.9,3789,188,0,37,0,2296,1493,795,0.9232008020602156,0.899846224642455,245,3517,1,26
45,11.25,gefitinib,0.9,3966,213,0,36,0,2382,1584,784,0.9204086857670206,0.8998462223930385,232,3706,1,27
46,11.5,gefitinib,0.9,4134,200,0,32,0,2380,1754,762,0.917259364027035,0.8998462198354947,229,3876,1,28
47,11.75,gefitinib,0.9,4303,199,0,30,0,2443,1860,737,0.9143842726558065,0.8998462171859677,223,4052,1,27
48,12.0,gefitinib,0.9,4473,213,0,43,0,2446,2027,732,0.9114577768719422,0.8998462146553844,215,4230,1,27
49,12.25,gefitinib,0.9,4655,216,0,34,0,2519,2136,707,0.9082336027652812,0.8998462120475137,209,4417,2,27
50,12.5,gefitinib,0.9,4808,200,0,47,0,2513,2295,710,0.9046481906005428,0.8998462091946858,186,4594,2,26
51,12.75,gefitinib,0.9,5026,253,0,35,0,2596,2430,706,0.9017540916350181,0.8998462066925126,183,4814,2,27
52,13.0,gefitinib,0.9,5215,225,0,36,0,2542,2673,705,0.8977722758724519,0.8998462036181499,172,5014,2,27
53,13.25,gefitinib,0.9,5410,235,0,40,0,2593,2817,706,0.8942361441222462,0.8998462004782737,167,5214,2,27
54,13.5,gefitinib,0.9,5572,213,0,51,0,2581,2991,730,0.890549998548837,0.8998461972119716,155,5387,2,28
55,13.75,gefitinib,0.9,5751,218,0,39,0,2572,3179,722,0.8870129157799543,0.8998461943835381,144,5577,2,28
56,14.0,gefitinib,0.9,5936,235,0,49,1,2682,3254,719,0.8837751985814984,0.8998461914673846,123,5783,2,28
57,14.25,gefitinib,0.9,6117,212,0,28,3,2803,3314,703,0.879566539000512,0.8998461881135106,112,5974,3,28
58,14.5,gefitinib,0.9,6317,228,0,28,0,2830,3487,687,0.8756555718976051,0.8998461849394731,99,6187,3,28
59,14.75,gefitinib,0.9,6531,241,0,26,1,2857,3674,671,0.8717318265390822,0.8998461815654814,91,6409,3,28
60,15.0,gefitinib,0.9,6755,259,0,31,4,2946,3809,663,0.8673484944947618,0.8998461776241818,84,6639,4,28
61,15.25,gefitinib,0.9,6974,258,0,39,0,2958,4016,657,0.8630601783590729,0.8998461738530289,76,6865,4,29
62,15.5,gefitinib,0.9,7186,255,1,43,0,2965,4221,662,0.8587230536341935,0.899846169759229,72,7080,5,29
63,15.75,gefitinib,0.9,7412,260,0,33,1,2977,4435,661,0.8542556121832356,0.8998461655207403,67,7311,5,29
64,16.0,gefitinib,0.9,7637,267,0,41,1,3112,4525,651,0.849766632487308,0.8998461612611174,57,7548,4,28
65,16.25,gefitinib,0.9,7873,274,0,38,0,3056,4817,651,0.8453455310837904,0.8998461573497427,52,7789,4,28
66,16.5,gefitinib,0.9,8105,272,0,36,4,3043,5062,659,0.8407405632281029,0.8998461529592262,47,8027,4,27
67,16.75,gefitinib,0.9,8343,282,0,43,1,3074,5269,650,0.8357846514096743,0.8998461485543245,45,8267,4,27
68,17.0,gefitinib,0.9,8591,288,0,38,2,3151,5440,645,0.8309235659417943,0.8998461441551526,45,8515,4,27
69,17.25,gefitinib,0.9,8847,292,1,36,0,3138,5709,646,0.8261136498354349,0.8998461396814345,43,8772,4,28
70,17.5,gefitinib,0.9,9046,248,1,47,2,3122,5924,653,0.8210721516775185,0.8998461349761342,44,8970,5,27
71,17.75,gefitinib,0.9,9278,277,0,42,3,3210,6068,658,0.8170191120007638,0.8998461309905018,44,9202,5,27
72,18.0,gefitinib,0.9,9532,302,0,46,2,3256,6276,657,0.8121618186183006,0.899846126564004,38,9462,5,27
73,18.25,gefitinib,0.9,9762,281,0,50,1,3209,6553,668,0.8068042248444038,0.8998461217760915,37,9694,4,27
74,18.5,gefitinib,0.9,10027,320,1,53,2,3330,6697,677,0.801650483434405,0.8998461171060941,28,9967,5,27
75,18.75,gefitinib,0.9,10225,257,1,55,4,3243,6982,698,0.795897934007941,0.8998461117103674,25,10168,5,27
76,19.0,gefitinib,0.9,10471,294,0,43,5,3291,7180,698,0.7915853533705897,0.8998461076368799,24,10416,5,26
77,19.25,gefitinib,0.9,10689,271,0,50,3,3282,7407,715,0.7861636245465453,0.8998461027399082,20,10639,5,25
78,19.5,gefitinib,0.9,10934,294,1,47,2,3377,7557,715,0.7813144914463469,0.8998460979455261,18,10886,6,24
79,19.75,gefitinib,0.9,11159,275,0,45,5,3391,7768,724,0.7758838263056673,0.8998460929602653,14,11115,6,24
80,20.0,gefitinib,0.9,11422,324,1,58,3,3503,7919,732,0.7703809405377245,0.8998460879759629,14,11376,7,25
81,20.25,osimertinib,0.9,10458,283,0,1242,5,3344,7114,1871,0.7643112113520532,0.8998460825464734,13,10416,6,23
82,20.5,osimertinib,0.9,9667,339,0,1129,1,3792,5875,2822,0.768915997179523,0.8998460908459434,10,9627,7,23
83,20.75,osimertinib,0.9,9047,406,1,1026,0,4258,4789,3610,0.7735068900166486,0.8998461007853545,11,9006,8,22
84,21.0,osimertinib,0.9,8495,394,0,946,0,4534,3961,4275,0.776865071470116,0.8998461097804168,10,8455,8,22
85,21.25,osimertinib,0.9,8001,410,0,904,0,4776,3225,4891,0.7811586228569447,0.8998461181902573,10,7962,8,21
86,21.5,osimertinib,0.9,7587,462,0,876,0,5066,2521,5446,0.7851953288474315,0.8998461254996735,6,7552,8,21
87,21.75,osimertinib,0.9,7254,481,0,814,0,5296,1958,5902,0.7889534899244316,0.8998461318885497,5,7220,8,21
88,22.0,osimertinib,0.9,6908,472,0,818,0,5431,1477,6298,0.7928781070195482,0.8998461376448049,6,6875,8,19
89,22.25,osimertinib,0.9,6688,510,0,730,0,5603,1085,6579,0.7978149039606932,0.899846143423032,5,6654,9,20
90,22.5,osimertinib,0.9,6471,473,0,690,0,5592,879,6800,0.7996944337999179,0.8998461468863327,5,6436,9,21
91,22.75,osimertinib,0.9,6261,494,1,704,0,5595,666,7061,0.8020654012449714,0.899846150016218,5,6223,10,23
92,23.0,osimertinib,0.9,6124,511,1,648,0,5598,526,7262,0.8047733007451693,0.8998461533830516,5,6087,10,22
93,23.25,osimertinib,0.9,5976,484,0,632,0,5531,445,7379,0.8068869542059377,0.8998461557525921,5,5939,9,23
94,23.5,osimertinib,0.9,5829,476,2,623,0,5496,333,7523,0.8085802518230852,0.8998461581496028,3,5789,11,26
95,23.75,osimertinib,0.9,5707,492,0,614,0,5407,300,7662,0.8108570119269752,0.8998461605343127,4,5666,11,26
96,24.0,osimertinib,0.9,5572,477,1,612,0,5364,208,7738,0.8129264778629014,0.8998461626576928,5,5527,12,28
97,24.25,osimertinib,0.9,5388,420,1,604,0,5205,183,7860,0.8153293910677617,0.8998461649626471,5,5338,14,31
98,24.5,osimertinib,0.9,5293,464,2,559,0,5130,163,7894,0.8188596601773102,0.899846167771656,7,5233,22,31
99,24.75,osimertinib,0.9,5191,431,0,533,0,5048,143,7903,0.8196621153220726,0.8998461694272777,8,5128,23,32
100,25.0,osimertinib,0.9,5065,433,1,559,0,4952,113,7963,0.8221801765992173,0.8998461711222666,9,4998,24,34
101,25.25,osimertinib,0.9,4934,410,0,541,0,4826,108,8013,0.8249627554333959,0.8998461729908783,11,4864,25,34
102,25.5,osimertinib,0.9,4774,390,1,550,0,4686,88,8066,0.8278765127901205,0.8998461751713267,12,4701,26,35
103,25.75,osimertinib,0.9,4632,391,1,533,0,4555,77,8083,0.8316982865824184,0.8998461776520382,12,4556,28,36
104,26.0,osimertinib,0.9,4506,376,0,502,0,4450,56,8077,0.8345564508176941,0.8998461798912071,13,4426,30,37
105,26.25,osimertinib,0.9,4359,349,0,496,0,4304,55,8046,0.8374944183613757,0.8998461821148703,9,4277,33,40
106,26.5,osimertinib,0.9,4243,356,1,472,0,4216,27,8020,0.841380356076485,0.89984618461633,9,4156,36,42
107,26.75,osimertinib,0.9,4179,359,0,423,0,4155,24,7942,0.8437817510622665,0.8998461868356009,8,4087,39,45
108,27.0,osimertinib,0.9,4092,349,0,436,0,4071,21,7885,0.8452787232372485,0.899846188137744,8,3995,43,46
109,27.25,osimertinib,0.9,4067,413,0,438,0,4052,15,7825,0.8476177837167792,0.8998461897214584,8,3965,46,48
110,27.5,osimertinib,0.9,4036,369,0,400,0,4025,11,7709,0.8484035884008515,0.8998461907617108,8,3927,52,49
111,27.75,osimertinib,0.9,3966,334,1,404,0,3954,12,7606,0.8484855502764832,0.8998461915020632,8,3847,57,54
112,28.0,osimertinib,0.9,3879,344,0,431,0,3873,6,7545,0.8507710381861747,0.8998461926425703,8,3756,61,54
113,28.25,osimertinib,0.9,3794,320,0,405,0,3789,5,7477,0.8536626269955265,0.8998461940950917,8,3662,68,56
114,28.5,osimertinib,0.9,3726,326,0,394,0,3718,8,7408,0.8562918276125581,0.8998461957808959,9,3588,72,57
115,28.75,osimertinib,0.9,3651,322,0,397,0,3647,4,7332,0.8584763568197891,0.8998461973974885,5,3512,77,57
116,29.0,osimertinib,0.9,3606,319,0,364,0,3602,4,7210,0.8605096681713862,0.8998461990029881,4,3461,84,57
117,29.25,osimertinib,0.9,3586,327,0,347,0,3584,2,7109,0.8619875319265333,0.8998462002166799,2,3428,90,66
118,29.5,osimertinib,0.9,3535,305,0,356,0,3525,10,7011,0.8619886827780087,0.8998462008789428,2,3368,97,68
119,29.75,osimertinib,0.9,3507,299,0,327,0,3501,6,6887,0.8638181428855195,0.8998462017860273,2,3329,103,73
120,30.0,osimertinib,0.9,3427,287,0,367,0,3424,3,6833,0.863940898634054,0.8998462023275557,2,3242,104,79
121,30.25,osimertinib,0.9,3383,317,0,361,0,3378,5,6748,0.8668167966704424,0.8998462035902074,2,3190,110,81
122,30.5,osimertinib,0.9,3372,302,1,313,0,3369,3,6660,0.8682343079235889,0.8998462046498248,2,3172,114,84
123,30.75,osimertinib,0.9,3319,286,2,339,0,3315,4,6577,0.868078364330302,0.8998462051331054,2,3111,119,87
124,31.0,osimertinib,0.9,3286,274,0,307,0,3283,3,6466,0.8703294714513613,0.8998462059787686,2,3070,124,90
125,31.25,osimertinib,0.9,3233,277,1,330,0,3232,1,6407,0.870879955329215,0.8998462065876928,1,3003,133,96
126,31.5,osimertinib,0.9,3205,288,1,316,0,3204,1,6299,0.872609612516238,0.8998462073949482,1,2961,141,102
127,31.75,osimertinib,0.9,3112,258,0,351,0,3110,2,6247,0.8727637065751649,0.8998462078915347,1,2855,151,105
128,32.0,osimertinib,0.9,3072,261,0,301,0,3068,4,6171,0.875661299116794,0.8998462091523057,1,2794,170,107
129,32.25,osimertinib,0.9,3001,241,0,312,0,2999,2,6091,0.8771439174919115,0.8998462100647555,1,2711,181,108
130,32.5,osimertinib,0.9,2934,246,0,313,0,2932,2,6021,0.8790708654123213,0.8998462111988621,0,2636,187,111
131,32.75,osimertinib,0.9,2909,272,0,297,0,2907,2,5965,0.882071884166442,0.8998462125080072,0,2598,198,113
132,33.0,osimertinib,0.9,2846,242,0,305,0,2843,3,5910,0.8820796778030426,0.8998462132753502,0,2517,218,111
133,33.25,osimertinib,0.9,2818,246,0,274,0,2814,4,5819,0.8844037172450493,0.8998462142812532,0,2464,234,120
134,33.5,osimertinib,0.9,2818,262,2,262,0,2816,2,5725,0.8847698445776965,0.8998462148801666,0,2432,257,129
135,33.75,osimertinib,0.9,2818,247,1,247,0,2817,1,5608,0.884573690603846,0.8998462150423993,0,2397,280,141
136,34.0,osimertinib,0.9,2824,261,0,255,0,2819,5,5533,0.8850202298903733,0.8998462151300443,0,2374,301,149
137,34.25,osimertinib,0.9,2809,248,1,263,0,2806,3,5424,0.884730512783901,0.8998462151148103,0,2333,322,154
138,34.5,osimertinib,0.9,2764,231,0,276,0,2754,10,5372,0.8848276373582167,0.8998462151931478,0,2266,345,153
139,34.75,osimertinib,0.9,2714,212,0,262,0,2704,10,5306,0.8861310015672067,0.8998462156420772,0,2188,368,158
140,35.0,osimertinib,0.9,2697,240,0,257,0,2691,6,5198,0.8882741060146898,0.8998462164296943,0,2134,399,164
141,35.25,osimertinib,0.9,2707,221,0,211,0,2701,6,5077,0.8891631939558864,0.8998462169276086,0,2106,434,167
142,35.5,osimertinib,0.9,2704,239,0,242,0,2696,8,5002,0.8886173597317987,0.8998462169455669,0,2051,475,178
143,35.75,osimertinib,0.9,2715,229,0,218,0,2692,23,4922,0.8882414800995776,0.8998462168956417,0,2021,512,182
144,36.0,osimertinib,0.9,2741,239,0,213,0,2718,23,4837,0.8873524523496932,0.8998462166002704,0,2007,546,188
145,36.25,osimertinib,0.9,2772,259,0,228,0,2750,22,4783,0.8869386257484035,0.8998462162578907,0,1984,596,192
146,36.5,osimertinib,0.9,2775,246,1,243,0,2760,15,4678,0.8863374347065914,0.899846215717222,0,1936,635,204
147,36.75,osimertinib,0.9,2780,237,1,232,0,2758,22,4624,0.8854326496409302,0.8998462153097677,0,1883,681,216
148,37.0,osimertinib,0.9,2791,212,0,201,0,2760,31,4530,0.8858837645420164,0.8998462150121368,0,1837,738,216
149,37.25,osimertinib,0.9,2801,253,0,243,0,2762,39,4485,0.8856099352977043,0.8998462147274416,0,1796,782,223
150,37.5,osimertinib,0.9,2826,229,0,204,0,2766,60,4412,0.8857370226901309,0.8998462144674219,0,1757,830,239
151,37.75,osimertinib,0.9,2849,227,0,204,0,2785,64,4326,0.8846455758674646,0.8998462139225933,0,1720,881,248
152,38.0,osimertinib,0.9,2943,265,0,171,0,2880,63,4222,0.8837700681822268,0.899846213367673,0,1729,957,257
153,38.25,osimertinib,0.9,2948,217,0,212,0,2869,79,4152,0.8804119713724498,0.8998462117419384,0,1649,1033,266
154,38.5,osimertinib,0.9,2977,243,0,214,0,2889,88,4100,0.8806124445406233,0.8998462111219965,0,1583,1115,279
155,38.75,osimertinib,0.9,3054,242,0,165,0,2965,89,3992,0.8793483546613566,0.8998462102967542,0,1574,1195,285
156,39.0,osimertinib,0.9,3141,255,0,168,0,3018,123,3926,0.8771701402206121,0.8998462089368847,0,1566,1281,294
157,39.25,osimertinib,0.9,3179,220,0,182,0,3033,146,3838,0.874762122621739,0.8998462071503004,0,1513,1357,309
158,39.5,osimertinib,0.9,3214,216,0,181,0,3040,174,3781,0.8738849958913518,0.899846205962358,0,1476,1426,312
159,39.75,osimertinib,0.9,3291,253,0,176,0,3093,198,3705,0.8729542057537437,0.899846204963066,0,1455,1507,329
160,40.0,osimertinib,0.9,3372,251,0,170,0,3126,246,3659,0.8707515578018247,0.899846203481201,0,1433,1607,332
161,40.25,osimertinib,0.9,3453,254,0,173,0,3180,273,3635,0.8687603898039913,0.8998462016302466,0,1412,1702,339
162,40.5,osimertinib,0.9,3511,233,0,175,0,3198,313,3592,0.8660210967320978,0.8998461998110143,0,1373,1792,346
163,40.75,osimertinib,0.9,3604,253,0,160,0,3246,358,3519,0.8638235116592502,0.8998461980103875,0,1353,1892,359
164,41.0,osimertinib,0.9,3728,284,0,160,0,3344,384,3459,0.8611550409657085,0.899846195986789,0,1338,2008,382
165,41.25,osimertinib,0.9,3814,271,0,185,0,3368,446,3438,0.8570144663948496,0.8998461933947838,0,1288,2129,397
166,41.5,osimertinib,0.9,3931,273,0,156,0,3465,466,3375,0.8545762724433287,0.8998461911247021,0,1263,2262,406
167,41.75,osimertinib,0.9,4038,268,0,161,0,3508,530,3319,0.8512945762366284,0.8998461885226287,0,1241,2379,418
168,42.0,osimertinib,0.9,4150,269,0,157,0,3562,588,3275,0.8486287788326828,0.8998461858250125,0,1235,2489,426
169,42.25,osimertinib,0.9,4271,281,0,160,0,3606,665,3213,0.8457221305509571,0.8998461833029984,0,1202,2634,435
170,42.5,osimertinib,0.9,4373,260,0,158,0,3623,750,3167,0.842652608440232,0.8998461802916243,0,1164,2766,443
171,42.75,osimertinib,0.9,4507,277,0,143,0,3695,812,3086,0.8399763428415405,0.8998461778284721,0,1132,2926,449
172,43.0,osimertinib,0.9,4629,280,0,158,0,3711,918,3037,0.8367130176325943,0.899846174942607,0,1104,3077,448
173,43.25,osimertinib,0.9,4732,270,0,167,0,3709,1023,3007,0.833436663916348,0.899846172005231,0,1053,3221,458
174,43.5,osimertinib,0.9,4847,283,0,168,0,3769,1078,2997,0.8316296502289978,0.8998461694892013,0,1010,3369,468
175,43.75,osimertinib,0.9,5004,288,0,131,0,3850,1154,2923,0.8294682691777965,0.8998461670579485,0,998,3528,478
176,44.0,osimertinib,0.9,5165,301,0,140,0,3955,1210,2870,0.8251728528963308,0.8998461637876688,0,986,3690,489
177,44.25,osimertinib,0.9,5302,280,0,143,0,3988,1314,2836,0.8214174491965691,0.8998461600664811,0,957,3851,494
178,44.5,osimertinib,0.9,5459,301,0,144,0,4038,1421,2819,0.8191402044161848,0.899846157108373,0,940,4026,493
179,44.75,osimertinib,0.9,5591,288,0,156,0,4077,1514,2797,0.8163085499815558,0.8998461539346455,0,896,4198,497
180,45.0,osimertinib,0.9,5748,301,0,144,0,4179,1569,2764,0.8132050870347427,0.8998461509966796,0,870,4365,513
181,45.25,osimertinib,0.9,5949,341,0,140,0,4245,1704,2725,0.809590629589659,0.8998461475322693,0,862,4562,525
182,45.5,osimertinib,0.9,6134,316,0,131,0,4270,1864,2686,0.8052465552520137,0.8998461436378714,0,850,4742,542
183,45.75,osimertinib,0.9,6298,325,0,161,0,4336,1962,2684,0.8008947616976558,0.8998461398132717,0,806,4935,557
184,46.0,osimertinib,0.9,6450,305,1,153,0,4341,2109,2656,0.7977810695510983,0.8998461362263117,0,775,5109,566
185,46.25,osimertinib,0.9,6626,290,0,114,0,4444,2182,2591,0.7942640157532114,0.8998461331467853,0,766,5289,571
186,46.5,osimertinib,0.9,6830,333,0,129,0,4489,2341,2541,0.7905104954671444,0.8998461291647841,0,754,5500,576
187,46.75,osimertinib,0.9,7021,320,0,129,0,4480,2541,2516,0.7864774603616801,0.899846124766925,0,730,5707,584
188,47.0,osimertinib,0.9,7205,323,1,138,1,4487,2718,2489,0.7826990624738152,0.8998461208886673,0,706,5902,597
189,47.25,osimertinib,0.9,7407,329,0,127,0,4536,2871,2458,0.778980706740201,0.8998461170708286,0,691,6109,607
190,47.5,osimertinib,0.9,7617,335,0,125,0,4624,2993,2435,0.7744512897111517,0.8998461126034077,0,689,6313,615
191,47.75,osimertinib,0.9,7784,333,0,166,0,4595,3189,2437,0.7702386499533274,0.8998461082114277,0,655,6508,621
192,48.0,osimertinib,0.9,7998,360,0,145,1,4701,3297,2434,0.7664810170827363,0.8998461040126794,0,624,6740,634
193,48.25,osimertinib,0.9,8220,361,0,139,0,4712,3508,2435,0.761949536219057,0.8998460994118092,0,601,6977,642
194,48.5,osimertinib,0.9,8441,353,0,130,2,4694,3747,2403,0.7570438459170477,0.8998460948963101,0,576,7226,639
195,48.75,osimertinib,0.9,8640,340,0,141,0,4712,3928,2396,0.7526969715710492,0.8998460899891971,0,530,7461,649
196,49.0,osimertinib,0.9,8828,324,0,136,0,4668,4160,2384,0.7483450479681032,0.89984608509673,0,513,7666,649
197,49.25,osimertinib,0.9,9055,348,0,120,1,4750,4305,2341,0.7444178578155606,0.8998460807074697,0,504,7903,648
198,49.5,osimertinib,0.9,9273,337,0,119,0,4851,4422,2292,0.7400261611991107,0.8998460762812719,0,491,8127,655
199,49.75,osimertinib,0.9,9521,380,0,130,2,4839,4682,2268,0.7352375029244561,0.8998460712031713,0,466,8395,660
200,50.0,osimertinib,0.9,9766,372,0,125,2,4879,4887,2252,0.7304286631276647,0.8998460658521571,0,449,8653,664
201,50.25,osimertinib,0.9,9991,367,0,141,1,4871,5120,2266,0.7258467299614727,0.899846061164821,0,429,8894,668
202,50.5,osimertinib,0.9,10277,403,0,116,1,4990,5287,2249,0.7206156184479127,0.8998460563927184,0,423,9168,686
203,50.75,osimertinib,0.9,10538,397,0,131,5,5086,5452,2239,0.7145038991380899,0.8998460509167164,0,410,9437,691
204,51.0,osimertinib,0.9,10781,365,0,120,2,5122,5659,2214,0.7095164837316844,0.8998460445260037,0,400,9689,692
205,51.25,osimertinib,0.9,11027,383,0,134,3,5152,5875,2202,0.7047763559421389,0.8998460399897488,0,380,9953,694
206,51.5,osimertinib,0.9,11276,363,0,111,3,5127,6149,2194,0.6997752750238925,0.8998460351197745,0,360,10204,712
207,51.75,osimertinib,0.9,11489,354,0,141,0,5048,6441,2203,0.6943081405015632,0.8998460299731187,0,337,10447,705
208,52.0,osimertinib,0.9,11715,367,0,139,2,5173,6542,2199,0.6902073197280245,0.8998460252395704,0,330,10680,705
209,52.25,osimertinib,0.9,12025,431,0,118,3,5357,6668,2176,0.6852327843356828,0.8998460207015483,0,325,10988,712
210,52.5,osimertinib,0.9,12286,393,0,130,2,5266,7020,2172,0.6791137026119992,0.8998460148153513,0,308,11255,723
211,52.75,osimertinib,0.9,12515,370,0,138,3,5215,7300,2195,0.6743276043072755,0.8998460092151574,0,291,11494,730
212,53.0,osimertinib,0.9,12761,374,0,126,2,5212,7549,2186,0.6694278554119947,0.8998460044898898,0,276,11741,744
213,53.25,osimertinib,0.9,13009,387,0,134,5,5235,7774,2201,0.6639509473799569,0.8998459991597629,0,272,11984,753
214,53.5,osimertinib,0.9,13280,415,0,142,2,5356,7924,2206,0.6586974980662175,0.8998459938133578,0,260,12266,754
215,53.75,osimertinib,0.9,13517,378,0,139,2,5422,8095,2214,0.6526507448817481,0.8998459879470383,0,253,12508,756
216,54.0,osimertinib,0.9,13759,385,0,141,2,5390,8369,2245,0.6477595303820354,0.899845982766026,0,243,12769,747
217,54.25,osimertinib,0.9,14075,430,0,109,5,5511,8564,2204,0.642738750523129,0.8998459774032455,0,238,13098,739
218,54.5,osimertinib,0.9,14309,400,0,161,5,5464,8845,2212,0.6363931932413935,0.8998459709512082,0,219,13340,750
219,54.75,osimertinib,0.9,14596,428,0,135,6,5555,9041,2195,0.6311125028375018,0.8998459654774165,0,221,13626,749
220,55.0,osimertinib,0.9,14849,384,0,122,9,5544,9305,2185,0.6251656003280822,0.8998459595359707,0,217,13888,744
221,55.25,osimertinib,0.9,15142,436,0,137,6,5616,9526,2190,0.619944797943503,0.8998459532537602,0,218,14179,745
222,55.5,osimertinib,0.9,15447,445,0,136,4,5620,9827,2175,0.61356563805321,0.8998459469959712,0,217,14483,747
223,55.75,osimertinib,0.9,15699,413,0,153,8,5504,10195,2192,0.6074612038730722,0.8998459405805073,0,207,14740,752
224,56.0,osimertinib,0.9,15978,418,0,131,8,5579,10399,2183,0.6014801044881869,0.8998459343191793,0,201,15021,756
225,56.25,osimertinib,0.9,16253,416,0,138,3,5570,10683,2204,0.5964003123397563,0.8998459283592474,0,198,15293,762
226,56.5,osimertinib,0.9,16500,379,0,130,2,5622,10878,2195,0.589968602207299,0.8998459223550876,0,189,15543,768
227,56.75,osimertinib,0.9,16748,414,0,161,5,5625,11123,2212,0.5853611169452055,0.899845917071754,0,174,15801,773
228,57.0,osimertinib,0.9,17013,424,0,153,6,5531,11482,2224,0.5796516128853997,0.8998459110241358,0,170,16064,779
229,57.25,osimertinib,0.9,17263,390,0,133,7,5592,11671,2217,0.5743184078016711,0.8998459050758469,0,157,16325,781
230,57.5,osimertinib,0.9,17530,423,0,152,4,5665,11865,2206,0.5687374527908351,0.899845898834504,0,143,16606,781
231,57.75,osimertinib,0.9,17773,404,0,154,7,5684,12089,2221,0.5628824374257172,0.899845892768567,0,137,16857,779
232,58.0,osimertinib,0.9,18008,404,0,161,8,5657,12351,2229,0.5574608849338096,0.8998458870668579,0,133,17104,771
233,58.25,osimertinib,0.9,18276,414,0,139,7,5670,12606,2226,0.5523008138198949,0.8998458817912175,0,133,17370,773
234,58.5,osimertinib,0.9,18534,423,0,155,10,5696,12838,2262,0.5462131004252357,0.8998458759592891,0,128,17629,777
235,58.75,osimertinib,0.9,18806,433,0,152,9,5721,13085,2278,0.540499717588946,0.8998458698019483,0,118,17909,779
236,59.0,osimertinib,0.9,19095,439,0,142,8,5724,13371,2281,0.5347007370694877,0.8998458636770468,0,113,18201,781
237,59.25,osimertinib,0.9,19348,416,0,157,6,5799,13549,2293,0.5283903482100036,0.8998458571999679,0,108,18454,786
238,59.5,osimertinib,0.9,19600,425,0,164,9,5674,13926,2323,0.5233407915439434,0.8998458510208023,0,107,18707,786
239,59.75,osimertinib,0.9,19844,420,0,166,10,5576,14268,2351,0.518383154522824,0.8998458460021349,0,105,18963,776
240,60.0,osimertinib,0.9,20098,406,0,144,8,5546,14552,2361,0.5129068994908024,0.8998458396262079,0,104,19218,776
