civic_id,molecular_profile,disease,drug,response,evidence_level,evidence_direction,source_publication,evidence_type,status,civic_link,source_url,retrieved_at
239,EGFR T790M,Lung Non-small Cell Carcinoma,Gefitinib,RESISTANCE,B,SUPPORTS,"Kobayashi et al., 2005",PREDICTIVE,ACCEPTED,/evidence/239,http://www.ncbi.nlm.nih.gov/pubmed/15728811,2026-10-03T09:44:21.234018+00:00
1391,EGFR T790M,Lung Adenocarcinoma,Gefitinib|Erlotinib,RESISTANCE,B,SUPPORTS,"Yu et al., 2013",PREDICTIVE,ACCEPTED,/evidence/1391,http://www.ncbi.nlm.nih.gov/pubmed/23470965,2026-10-03T09:44:21.234076+00:00
1667,EGFR T790M,Lung Non-small Cell Carcinoma,Gefitinib|Erlotinib,RESISTANCE,B,SUPPORTS,"Belchis et al., 2016",PREDICTIVE,ACCEPTED,/evidence/1667,http://www.ncbi.nlm.nih.gov/pubmed/27304188,2026-10-03T09:44:21.234090+00:00
2159,EGFR T790M,Lung Non-small Cell Carcinoma,Gefitinib,RESISTANCE,B,SUPPORTS,"Kosaka et al., 2006",PREDICTIVE,ACCEPTED,/evidence/2159,http://www.ncbi.nlm.nih.gov/pubmed/17020982,2026-10-03T09:44:21.234100+00:00
2158,EGFR T790M,Lung Non-small Cell Carcinoma,Gefitinib|Erlotinib,RESISTANCE,C,SUPPORTS,"Pao et al., 2005",PREDICTIVE,ACCEPTED,/evidence/2158,http://www.ncbi.nlm.nih.gov/pubmed/15737014,2026-10-03T09:44:21.234112+00:00
642,EGFR T790M,Lung Cancer,Gefitinib|Multikinase Inhibitor AEE788,RESISTANCE,D,SUPPORTS,"Yun et al., 2008",PREDICTIVE,ACCEPTED,/evidence/642,http://www.ncbi.nlm.nih.gov/pubmed/18227510,2026-10-03T09:44:21.234122+00:00
238,EGFR T790M,Lung Non-small Cell Carcinoma,Erlotinib,RESISTANCE,A,SUPPORTS,"Denis et al., 2015",PREDICTIVE,ACCEPTED,/evidence/238,http://www.ncbi.nlm.nih.gov/pubmed/25668228,2026-10-03T09:44:22.260857+00:00
277,EGFR T790M,Lung Non-small Cell Carcinoma,Erlotinib|Pemetrexed,SENSITIVITYRESPONSE,C,SUPPORTS,"Li et al., 2014",PREDICTIVE,ACCEPTED,/evidence/277,http://www.ncbi.nlm.nih.gov/pubmed/24636847,2026-10-03T09:44:22.260898+00:00
1592,EGFR T790M,Lung Non-small Cell Carcinoma,Osimertinib,SENSITIVITYRESPONSE,A,SUPPORTS,"Greig, 2016",PREDICTIVE,ACCEPTED,/evidence/1592,http://www.ncbi.nlm.nih.gov/pubmed/26729184,2026-10-03T09:44:23.528759+00:00
1867,EGFR T790M,Lung Non-small Cell Carcinoma,Osimertinib,SENSITIVITYRESPONSE,A,SUPPORTS,"Mok et al., 2017",PREDICTIVE,ACCEPTED,/evidence/1867,http://www.ncbi.nlm.nih.gov/pubmed/27959700,2026-10-03T09:44:23.528795+00:00
11598,EGFR T790M AND EGFR Exon 19 Deletion,Lung Non-small Cell Carcinoma,Osimertinib,SENSITIVITYRESPONSE,A,SUPPORTS,"Mok et al., 2017",PREDICTIVE,ACCEPTED,/evidence/11598,http://www.ncbi.nlm.nih.gov/pubmed/27959700,2026-10-03T09:44:23.528807+00:00
11599,EGFR L858R AND EGFR T790M,Lung Non-small Cell Carcinoma,Osimertinib,SENSITIVITYRESPONSE,A,SUPPORTS,"Mok et al., 2017",PREDICTIVE,ACCEPTED,/evidence/11599,http://www.ncbi.nlm.nih.gov/pubmed/27959700,2026-10-03T09:44:23.528826+00:00
965,EGFR T790M,Lung Non-small Cell Carcinoma,Osimertinib,SENSITIVITYRESPONSE,B,SUPPORTS,"Jänne et al., 2015",PREDICTIVE,ACCEPTED,/evidence/965,http://www.ncbi.nlm.nih.gov/pubmed/25923549,2026-10-03T09:44:23.528904+00:00
966,EGFR T790M,Lung Non-small Cell Carcinoma,Osimertinib,SENSITIVITYRESPONSE,B,SUPPORTS,"Sequist et al., 2016",PREDICTIVE,ACCEPTED,/evidence/966,http://www.ncbi.nlm.nih.gov/pubmed/26720284,2026-10-03T09:44:23.528915+00:00
12946,EGFR T790M AND EGFR Exon 19 del,Lung Adenocarcinoma,Osimertinib,SENSITIVITYRESPONSE,C,SUPPORTS,"Xiang et al., 2023",PREDICTIVE,ACCEPTED,/evidence/12946,http://www.ncbi.nlm.nih.gov/pubmed/38074875,2026-10-03T09:44:23.528922+00:00
2157,EGFR T790M,Lung Adenocarcinoma,Osimertinib,SENSITIVITYRESPONSE,C,SUPPORTS,"Planchard et al., 2015",PREDICTIVE,ACCEPTED,/evidence/2157,http://www.ncbi.nlm.nih.gov/pubmed/26269204,2026-10-03T09:44:23.528929+00:00
6006,EGFR T790M,Pancreatic Adenocarcinoma,Osimertinib,SENSITIVITYRESPONSE,C,DOES_NOT_SUPPORT,"Cecchini et al., 2017",PREDICTIVE,ACCEPTED,/evidence/6006,http://www.ncbi.nlm.nih.gov/pubmed/28874593,2026-10-03T09:44:23.528940+00:00
1396,EGFR T790M AND EGFR Exon 19 Deletion AND EGFR C797S,Lung Adenocarcinoma,Osimertinib,RESISTANCE,C,SUPPORTS,"Yu et al., 2015",PREDICTIVE,ACCEPTED,/evidence/1396,http://www.ncbi.nlm.nih.gov/pubmed/26181354,2026-10-03T09:44:23.529010+00:00
1397,EGFR T790M AND EGFR Exon 19 Deletion,Lung Adenocarcinoma,Osimertinib,SENSITIVITYRESPONSE,C,SUPPORTS,"Yu et al., 2015",PREDICTIVE,ACCEPTED,/evidence/1397,http://www.ncbi.nlm.nih.gov/pubmed/26181354,2026-10-03T09:44:23.529026+00:00
963,EGFR T790M,Lung Non-small Cell Carcinoma,Osimertinib,SENSITIVITYRESPONSE,D,SUPPORTS,"Cross et al., 2014",PREDICTIVE,ACCEPTED,/evidence/963,http://www.ncbi.nlm.nih.gov/pubmed/24893891,2026-10-03T09:44:23.529033+00:00
967,EGFR T790M,Lung Non-small Cell Carcinoma,Osimertinib|Rociletinib,SENSITIVITYRESPONSE,D,SUPPORTS,"Hirano et al., 2015",PREDICTIVE,ACCEPTED,/evidence/967,http://www.ncbi.nlm.nih.gov/pubmed/26515464,2026-10-03T09:44:23.529041+00:00
964,EGFR C797S,Lung Non-small Cell Carcinoma,Osimertinib,RESISTANCE,B,SUPPORTS,"Thress et al., 2015",PREDICTIVE,ACCEPTED,/evidence/964,http://www.ncbi.nlm.nih.gov/pubmed/25939061,2026-10-03T09:44:27.500690+00:00
1392,MET Amplification,Lung Adenocarcinoma,Gefitinib|Erlotinib,RESISTANCE,C,SUPPORTS,"Yu et al., 2013",PREDICTIVE,ACCEPTED,/evidence/1392,http://www.ncbi.nlm.nih.gov/pubmed/23470965,2026-10-03T09:44:29.596009+00:00
733,MET Amplification,Lung Non-small Cell Carcinoma,Gefitinib,RESISTANCE,D,SUPPORTS,"Engelman et al., 2007",PREDICTIVE,ACCEPTED,/evidence/733,http://www.ncbi.nlm.nih.gov/pubmed/17463250,2026-10-03T09:44:29.596134+00:00
11241,EGFR L858R OR EGFR Exon 19 Deletion,Lung Non-small Cell Carcinoma,Gefitinib,SENSITIVITYRESPONSE,A,SUPPORTS,"Douillard et al., 2014",PREDICTIVE,ACCEPTED,/evidence/11241,http://www.ncbi.nlm.nih.gov/pubmed/24263064,2026-10-03T09:44:33.502139+00:00
275,EGFR L858R,Lung Non-small Cell Carcinoma,Gefitinib|Erlotinib,SENSITIVITYRESPONSE,B,SUPPORTS,"Fukihara et al., 2014",PREDICTIVE,ACCEPTED,/evidence/275,http://www.ncbi.nlm.nih.gov/pubmed/24457318,2026-10-03T09:44:33.502162+00:00
2621,EGFR L858R,Lung Non-small Cell Carcinoma,Gefitinib,SENSITIVITYRESPONSE,B,SUPPORTS,"Douillard et al., 2010",PREDICTIVE,ACCEPTED,/evidence/2621,http://www.ncbi.nlm.nih.gov/pubmed/20038723,2026-10-03T09:44:33.502169+00:00
4759,EGFR L858R OR EGFR Exon 19 Deletion,Lung Non-small Cell Carcinoma,Erlotinib|Gefitinib,SENSITIVITYRESPONSE,B,SUPPORTS,"Wu et al., 2011",PREDICTIVE,ACCEPTED,/evidence/4759,http://www.ncbi.nlm.nih.gov/pubmed/21531810,2026-10-03T09:44:33.502175+00:00
229,EGFR L858R,Lung Non-small Cell Carcinoma,Gefitinib|Erlotinib,SENSITIVITYRESPONSE,B,SUPPORTS,"Lim et al., 2014",PREDICTIVE,ACCEPTED,/evidence/229,http://www.ncbi.nlm.nih.gov/pubmed/24736073,2026-10-03T09:44:33.502180+00:00
1665,EGFR L858R,Lung Non-small Cell Carcinoma,Gefitinib,SENSITIVITYRESPONSE,B,SUPPORTS,"Yang et al., 2008",PREDICTIVE,ACCEPTED,/evidence/1665,http://www.ncbi.nlm.nih.gov/pubmed/18509184,2026-10-03T09:44:33.502185+00:00
2634,EGFR L858R,Lung Adenocarcinoma,Gefitinib,SENSITIVITYRESPONSE,B,SUPPORTS,"Han et al., 2012",PREDICTIVE,ACCEPTED,/evidence/2634,http://www.ncbi.nlm.nih.gov/pubmed/22370314,2026-10-03T09:44:33.502190+00:00
6183,EGFR L858R,Lung Adenocarcinoma,Gefitinib,SENSITIVITYRESPONSE,B,SUPPORTS,"Urata et al., 2016",PREDICTIVE,ACCEPTED,/evidence/6183,http://www.ncbi.nlm.nih.gov/pubmed/27022112,2026-10-03T09:44:33.502195+00:00
2156,EGFR L858R OR EGFR Exon 19 Deletion,Lung Non-small Cell Carcinoma,Gefitinib,SENSITIVITYRESPONSE,C,SUPPORTS,"Yu et al., 2014",PREDICTIVE,ACCEPTED,/evidence/2156,http://www.ncbi.nlm.nih.gov/pubmed/24755888,2026-10-03T09:44:33.502200+00:00
2624,EGFR L858R,Lung Adenocarcinoma,Gefitinib,SENSITIVITYRESPONSE,C,SUPPORTS,"Pao et al., 2004",PREDICTIVE,ACCEPTED,/evidence/2624,http://www.ncbi.nlm.nih.gov/pubmed/15329413,2026-10-03T09:44:33.502205+00:00
276,EGFR L858R,Lung Non-small Cell Carcinoma,Gefitinib,SENSITIVITYRESPONSE,D,SUPPORTS,"Paez et al., 2004",PREDICTIVE,ACCEPTED,/evidence/276,http://www.ncbi.nlm.nih.gov/pubmed/15118125,2026-10-03T09:44:33.502209+00:00
2994,EGFR L858R,Lung Non-small Cell Carcinoma,Erlotinib,SENSITIVITYRESPONSE,A,SUPPORTS,"Khozin et al., 2014",PREDICTIVE,ACCEPTED,/evidence/2994,http://www.ncbi.nlm.nih.gov/pubmed/24868098,2026-10-03T09:44:34.786032+00:00
11240,EGFR L858R OR EGFR Exon 19 Deletion,Lung Non-small Cell Carcinoma,Erlotinib|Ramucirumab,SENSITIVITYRESPONSE,A,SUPPORTS,"Nakagawa et al., 2019",PREDICTIVE,ACCEPTED,/evidence/11240,http://www.ncbi.nlm.nih.gov/pubmed/31591063,2026-10-03T09:44:34.786103+00:00
3791,EGFR L858R OR EGFR Exon 19 Deletion,Lung Adenocarcinoma,Erlotinib,SENSITIVITYRESPONSE,B,SUPPORTS,"Rosell et al., 2012",PREDICTIVE,ACCEPTED,/evidence/3791,http://www.ncbi.nlm.nih.gov/pubmed/22285168,2026-10-03T09:44:34.786128+00:00
885,EGFR L858R,Lung Non-small Cell Carcinoma,Erlotinib,SENSITIVITYRESPONSE,B,SUPPORTS,"Rosell et al., 2012",PREDICTIVE,ACCEPTED,/evidence/885,http://www.ncbi.nlm.nih.gov/pubmed/22285168,2026-10-03T09:44:34.786148+00:00
4290,EGFR L858R,Lung Adenocarcinoma,Erlotinib,SENSITIVITYRESPONSE,B,SUPPORTS,"De Grève et al., 2016",PREDICTIVE,ACCEPTED,/evidence/4290,http://www.ncbi.nlm.nih.gov/pubmed/27032107,2026-10-03T09:44:34.786165+00:00
2632,EGFR L858R,Lung Non-small Cell Carcinoma,Erlotinib,SENSITIVITYRESPONSE,C,SUPPORTS,"Pao et al., 2004",PREDICTIVE,ACCEPTED,/evidence/2632,http://www.ncbi.nlm.nih.gov/pubmed/15329413,2026-10-03T09:44:34.786181+00:00
4265,EGFR L858R,Lung Non-small Cell Carcinoma,Erlotinib,SENSITIVITYRESPONSE,D,SUPPORTS,"de Gunst et al., 2007",PREDICTIVE,ACCEPTED,/evidence/4265,http://www.ncbi.nlm.nih.gov/pubmed/17877814,2026-10-03T09:44:34.786201+00:00
4286,EGFR L858R,Lung Non-small Cell Carcinoma,Erlotinib,SENSITIVITYRESPONSE,D,SUPPORTS,"Yasuda et al., 2013",PREDICTIVE,ACCEPTED,/evidence/4286,http://www.ncbi.nlm.nih.gov/pubmed/24353160,2026-10-03T09:44:34.786222+00:00
4284,EGFR L858R,Lung Non-small Cell Carcinoma,Erlotinib,SENSITIVITYRESPONSE,D,SUPPORTS,"Li et al., 2008",PREDICTIVE,ACCEPTED,/evidence/4284,http://www.ncbi.nlm.nih.gov/pubmed/18408761,2026-10-03T09:44:34.786262+00:00
4291,EGFR L858R,Lung Adenocarcinoma,Erlotinib,SENSITIVITYRESPONSE,D,SUPPORTS,"Konduri et al., 2016",PREDICTIVE,ACCEPTED,/evidence/4291,http://www.ncbi.nlm.nih.gov/pubmed/27102076,2026-10-03T09:44:34.786292+00:00
4293,EGFR L858R,Lung Small Cell Carcinoma,Erlotinib,SENSITIVITYRESPONSE,D,SUPPORTS,"Cross et al., 2014",PREDICTIVE,ACCEPTED,/evidence/4293,http://www.ncbi.nlm.nih.gov/pubmed/24893891,2026-10-03T09:44:34.786307+00:00
4287,EGFR L858R,Lung Non-small Cell Carcinoma,Erlotinib,SENSITIVITYRESPONSE,D,SUPPORTS,"Ray et al., 2016",PREDICTIVE,ACCEPTED,/evidence/4287,http://www.ncbi.nlm.nih.gov/pubmed/27612423,2026-10-03T09:44:34.786323+00:00
11219,EGFR L858R OR EGFR Exon 19 Deletion,Lung Non-small Cell Carcinoma,Osimertinib,SENSITIVITYRESPONSE,A,SUPPORTS,"Wu et al., 2020",PREDICTIVE,ACCEPTED,/evidence/11219,http://www.ncbi.nlm.nih.gov/pubmed/32955177,2026-10-03T09:44:35.793785+00:00
12015,EGFR L858R OR EGFR Exon 19 Deletion,Lung Non-small Cell Carcinoma,Osimertinib|Chemotherapy,SENSITIVITYRESPONSE,A,SUPPORTS,"Planchard et al., 2023",PREDICTIVE,ACCEPTED,/evidence/12015,http://www.ncbi.nlm.nih.gov/pubmed/37937763,2026-10-03T09:44:35.793827+00:00
4294,EGFR L858R,Lung Non-small Cell Carcinoma,Osimertinib,SENSITIVITYRESPONSE,D,SUPPORTS,"Cross et al., 2014",PREDICTIVE,ACCEPTED,/evidence/4294,http://www.ncbi.nlm.nih.gov/pubmed/24893891,2026-10-03T09:44:35.793841+00:00
413,EGFR Exon 19 Deletion,Lung Non-small Cell Carcinoma,Gefitinib|Erlotinib,SENSITIVITYRESPONSE,B,SUPPORTS,"Jackman et al., 2006",PREDICTIVE,ACCEPTED,/evidence/413,http://www.ncbi.nlm.nih.gov/pubmed/16818686,2026-10-03T09:44:37.843935+00:00
1666,EGFR Exon 19 Deletion,Lung Non-small Cell Carcinoma,Gefitinib,SENSITIVITYRESPONSE,B,SUPPORTS,"Yang et al., 2008",PREDICTIVE,ACCEPTED,/evidence/1666,http://www.ncbi.nlm.nih.gov/pubmed/18509184,2026-10-03T09:44:37.843981+00:00
2519,EGFR Exon 19 Deletion,Lung Adenocarcinoma,Gefitinib,SENSITIVITYRESPONSE,B,SUPPORTS,"Han et al., 2012",PREDICTIVE,ACCEPTED,/evidence/2519,http://www.ncbi.nlm.nih.gov/pubmed/22370314,2026-10-03T09:44:37.843996+00:00
6184,EGFR Exon 19 Deletion,Lung Adenocarcinoma,Gefitinib,SENSITIVITYRESPONSE,B,SUPPORTS,"Urata et al., 2016",PREDICTIVE,ACCEPTED,/evidence/6184,http://www.ncbi.nlm.nih.gov/pubmed/27022112,2026-10-03T09:44:37.844009+00:00
273,EGFR Exon 19 Deletion,Lung Non-small Cell Carcinoma,Gefitinib,SENSITIVITYRESPONSE,D,SUPPORTS,"Ji et al., 2006",PREDICTIVE,ACCEPTED,/evidence/273,http://www.ncbi.nlm.nih.gov/pubmed/16730237,2026-10-03T09:44:37.844019+00:00
2995,EGFR Exon 19 Deletion,Lung Non-small Cell Carcinoma,Erlotinib,SENSITIVITYRESPONSE,A,SUPPORTS,"Khozin et al., 2014",PREDICTIVE,ACCEPTED,/evidence/2995,http://www.ncbi.nlm.nih.gov/pubmed/24868098,2026-10-03T09:44:38.924212+00:00
884,EGFR Exon 19 Deletion,Lung Non-small Cell Carcinoma,Erlotinib,SENSITIVITYRESPONSE,B,SUPPORTS,"Rosell et al., 2012",PREDICTIVE,ACCEPTED,/evidence/884,http://www.ncbi.nlm.nih.gov/pubmed/22285168,2026-10-03T09:44:38.924262+00:00
4859,EGFR Exon 19 Deletion,Lung Non-small Cell Carcinoma,Dacomitinib|Erlotinib,SENSITIVITYRESPONSE,B,SUPPORTS,"Ramalingam et al., 2016",PREDICTIVE,ACCEPTED,/evidence/4859,http://www.ncbi.nlm.nih.gov/pubmed/26768165,2026-10-03T09:44:38.924297+00:00
4766,EGFR Exon 19 Deletion,Lung Adenocarcinoma,Erlotinib,SENSITIVITYRESPONSE,C,SUPPORTS,"Kanemaru et al., 2016",PREDICTIVE,ACCEPTED,/evidence/4766,http://www.ncbi.nlm.nih.gov/pubmed/27566387,2026-10-03T09:44:38.924316+00:00
1937,EGFR Mutation,Lung Non-small Cell Carcinoma,Gefitinib,SENSITIVITYRESPONSE,B,SUPPORTS,"Mitsudomi et al., 2010",PREDICTIVE,ACCEPTED,/evidence/1937,http://www.ncbi.nlm.nih.gov/pubmed/20022809,2026-10-03T09:44:42.045726+00:00
2148,EGFR Mutation,Lung Non-small Cell Carcinoma,Gefitinib,SENSITIVITYRESPONSE,B,SUPPORTS,"Mok et al., 2009",PREDICTIVE,ACCEPTED,/evidence/2148,http://www.ncbi.nlm.nih.gov/pubmed/19692680,2026-10-03T09:44:42.045743+00:00
2053,EGFR Mutation,Lung Non-small Cell Carcinoma,Gefitinib|Erlotinib,SENSITIVITYRESPONSE,B,SUPPORTS,"Ludovini et al., 2011",PREDICTIVE,ACCEPTED,/evidence/2053,http://www.ncbi.nlm.nih.gov/pubmed/21258250,2026-10-03T09:44:42.045749+00:00
2559,EGFR Mutation,Lung Non-small Cell Carcinoma,Gefitinib,SENSITIVITYRESPONSE,B,SUPPORTS,"Pao et al., 2004",PREDICTIVE,ACCEPTED,/evidence/2559,http://www.ncbi.nlm.nih.gov/pubmed/15329413,2026-10-03T09:44:42.045753+00:00
3016,EGFR Mutation,Lung Non-small Cell Carcinoma,Gefitinib,SENSITIVITYRESPONSE,B,SUPPORTS,"Douillard et al., 2010",PREDICTIVE,ACCEPTED,/evidence/3016,http://www.ncbi.nlm.nih.gov/pubmed/20038723,2026-10-03T09:44:42.045758+00:00
2939,EGFR Mutation,Lung Cancer,Gefitinib,SENSITIVITYRESPONSE,B,SUPPORTS,"Endoh et al., 2006",PREDICTIVE,ACCEPTED,/evidence/2939,http://www.ncbi.nlm.nih.gov/pubmed/17409929,2026-10-03T09:44:42.045763+00:00
7024,EGFR Mutation,Lung Non-small Cell Carcinoma,Erlotinib,SENSITIVITYRESPONSE,B,SUPPORTS,"Zhou et al., 2011",PREDICTIVE,ACCEPTED,/evidence/7024,http://www.ncbi.nlm.nih.gov/pubmed/21783417,2026-10-03T09:44:42.948350+00:00
3794,EGFR Mutation,Lung Non-small Cell Carcinoma,Erlotinib,SENSITIVITYRESPONSE,B,SUPPORTS,"Pao et al., 2004",PREDICTIVE,ACCEPTED,/evidence/3794,http://www.ncbi.nlm.nih.gov/pubmed/15329413,2026-10-03T09:44:42.948396+00:00
3864,EGFR Mutation,Lung Cancer,Erlotinib,SENSITIVITYRESPONSE,B,SUPPORTS,"Ramalingam et al., 2011",PREDICTIVE,ACCEPTED,/evidence/3864,http://www.ncbi.nlm.nih.gov/pubmed/22025157,2026-10-03T09:44:42.948414+00:00
4201,EGFR Mutation,Lung Non-small Cell Carcinoma,Erlotinib,SENSITIVITYRESPONSE,C,SUPPORTS,"Brugger et al., 2011",PREDICTIVE,ACCEPTED,/evidence/4201,http://www.ncbi.nlm.nih.gov/pubmed/21969500,2026-10-03T09:44:42.948432+00:00
